Word,Category
1,Quantifiers
10,Quantifiers
100,Quantifiers
11,Quantifiers
12,Quantifiers
1分鐘,Temporal Words
1秒,Temporal Words
1點鐘,Temporal Words
2,Quantifiers
2圈,Quantifiers
3,Quantifiers
4,Quantifiers
5,Quantifiers
6,Nouns
60,Nouns
7,Nouns
7-11,Nouns
8,Nouns
Instagram,Nouns
KFC,Nouns
OK,Emphasis Words
OK,Emphasis Words
OK便利商店,Nouns
Ok繃,Emphasis Words
STARBUCK,Nouns
STARBUCKS,Nouns
一,Quantifiers
一些,Quantifiers
一人一半,Quantifiers
一個半,Quantifiers
一個星期,Temporal Words
一個月,Temporal Words
一個禮拜,Temporal Words
一個鐘頭,Temporal Words
一元,Quantifiers
一刀兩斷,Emphasis Words
一分鐘,Temporal Words
一切,Nouns
一半,Adverbs
一天,Temporal Words
一定,Frequency Words
一定沒有問題,Emphasis Words
一小時,Temporal Words
一帶,Scope Words
一年,Temporal Words
一年以前,Temporal Words
一年級上學期,Nouns
一年級下學期,Nouns
一廂情願,Adverbs
一律,Adverbs
一成不變,Adverbs
一手包辦,Adverbs
一手遮天,Temporal Words
一敗塗地,Temporal Words
一日,Adjectives
一月,Nouns
一望無際,Adverbs
一本萬利,Adverbs
一枝獨秀,Nouns
一模一樣,Adjectives
一樣,Emphasis Words
一次,Quantifiers
一毛錢,Mood Particles
一無所有,Quantifiers
一目十行,Quantifiers
一直,Frequency Words
一瞬間,Adverbs
一石二鳥,Idioms (not categorized but can be considered Quantifiers in this context)
一秒鐘,Adverbs
一窩蜂,Scope Words
一竅不通,Adverbs
一筆勾銷,Mood Particles
一級棒,Idioms
一絲不掛,Adverbs
一致,Quantifiers
一般,Quantifiers
一行,Idioms
一見鍾情,Idioms
一視同仁,Quantifiers
一角,Mood Particles
一言為定,Quantifiers
一言難盡,Temporal Words
一起,Temporal Words
一遍,Scope Words
一點,Scope Words
一點鐘,Temporal Words
一點點,Adverbs
丁,Pronouns
丁等,Pronouns
七,Nouns
七十,Nouns
七月,Nouns
丈夫,Nouns
三,Nouns
三代,Quantifiers
三十,Nouns
三圍,Nouns
三字經,Quantifiers
三振出局,Nouns
三明治,Nouns
三星,Nouns
三月,Nouns
三稜鏡,Nouns
三級跳遠,Nouns
三胞胎,Nouns
三輪車,Nouns
三重,Nouns
上,Verbs
上上星期,Temporal Words
上上禮拜,Temporal Words
上下對調,Coordinating Conjunctions
上任,Verbs
上個星期,Temporal Words
上個月,Temporal Words
上兩星期,Temporal Words
上午,Temporal Words
上台,Nouns
上吊,Verbs
上告,Verbs
上學,Verbs
上學期,Verbs
上小學,Nouns
上山,Temporal Words
上弦月,Verbs
上星期,Verbs
上樓梯,Nouns
上游,Verbs
上班,Nouns
上當,Verbs
上禮拜,Temporal Words
上級,Nouns
上菜,Verbs
上課,Verbs
上車,Verbs
上軌道,Verbs
上銬,Verbs
上面,Nouns
上香,Verbs
下,Nouns
下一個,Temporal Words
下下星期,Temporal Words
下下禮拜,Temporal Words
下不為例,Mood Particles
下個星期,Temporal Words
下個月,Temporal Words
下兩星期,Temporal Words
下午,Nouns
下台,Verbs
下墜球,Nouns
下學期,Nouns
下山,Verbs
下巴,Nouns
下星期,Temporal Words
下星期三,Temporal Words
下星期五,Temporal Words
下星期六,Temporal Words
下星期四,Temporal Words
下星期日,Temporal Words
下棋,Verbs
下樓梯,Verbs
下次,Temporal Words
下流,Adjectives
下班,Verbs
下禮拜,Temporal Words
下課,Verbs
下車,Temporal Words
下輩子,Verbs
下雨,Temporal Words
下面,Nouns
下顎,Nouns
下馬威,Nouns
不,Nouns
不一定,Temporal Words
不一樣,Emphasis Words
不一致,Emphasis Words
不久,Emphasis Words
不介意,Temporal Words
不倒翁,Nouns
不准,Pronouns
不分勝負,Adjectives
不及格,Adjectives
不可,Pronouns
不可以,Pronouns
不可能,Mood Particles
不吃,Adjectives
不合,Adjectives
不合適,Adjectives
不同,Adjectives
不喜歡,Mood Particles
不在乎,Adjectives
不堪,Adjectives
不堪造就,Adjectives
不夠,Adjectives
不好,Mood Particles
不好吃,Adjectives
不好意思,Mood Particles
不好看,Verbs
不客氣,Mood Particles
不對,"Unspecified (this phrase could be interpreted as a combination of 'not' and 'lucky', where '不' is a negation and '幸' is an adjective)"
不小心,Mood Particles
不得已,Adverbs
不必,Adverbs
不恥下問,Adverbs
不惑之年,Nouns
不懂,Adjectives
不敢,Adverbs
不敢吃,Adverbs
不料,Question Pronouns
不是,Question Pronouns
不是我,Mood Particles
不曉得,Adverbs
不曾,Adverbs
不會,Adjectives
不服,Adverbs
不期而遇,Adverbs
不治,Adverbs
不注意,Emphasis Words
不清楚,Mood Particles
不理你,Adverbs
不用,Adverbs
不稀罕,Emphasis Words
不管,Causal Conjunctions
不約而同,Emphasis Words
不給,Emphasis Words
不翼而飛,Emphasis Words
不耐煩,Emphasis Words
不聽,Emphasis Words
不肖子,Emphasis Words
不肯,Emphasis Words
不能,Emphasis Words
不舒服,Emphasis Words
不行,Mood Particles
不要,Emphasis Words
不要臉,Emphasis Words
不見,Temporal Words
不見蹤跡,Emphasis Words
不認識,Emphasis Words
不認輸,Emphasis Words
不論,Emphasis Words
不謀而合,Coordinating Conjunctions
不錯,Adverbs
不關你的事,Scope Words
不顧,Adverbs
不齒,Adverbs
世界,Nouns
丘陵,Nouns
丙,Quantifiers
丙等,Nouns
丙級,Nouns
丟,Verbs
丟掉,Verbs
丟臉,Verbs
丟飛盤,Verbs
並且,Coordinating Conjunctions
並立,Coordinating Conjunctions
並肩,Coordinating Conjunctions
並駕齊驅,Nouns
中,Nouns
中元節,Temporal Words
中午,Nouns
中古,Nouns
中庸,Nouns
中意,Adjectives
中文系,Nouns
中暑,Adjectives
中樞神經,Nouns
中正,Nouns
中正大學,Nouns
中毒,Adjectives
中班,Nouns
中秋節,Nouns
中美洲,Nouns
中肯,Adjectives
中華,Nouns
中輟,Adjectives
中間,Nouns
中風,Adjectives
中飽私囊,Nouns
中餐,Nouns
丰采,Nouns
串珠,Nouns
串通,Nouns
串門子,Nouns
丹田,Nouns
丹麥,Nouns
主,Nouns
主任,Nouns
主宰,Verbs
主席,Nouns
主張,Verbs
主旨,Nouns
主機,Nouns
主要,Adjectives
主軸,Nouns
久,Temporal Words
之,Emphasis Words
之前,Nouns
乏味,Mood Particles
乒乓球,Adjectives
乖,Adjectives
乖僻,Adjectives
乖張,Adjectives
乖戾,Nouns
乘客,Verbs
乘機,Nouns
乘法,Adjectives
乘涼,Quantifiers
乙,Nouns
乙等,Numbers
乙醇,Numbers
九,Numbers
九十,Quantifiers
九月,Temporal Words
九泉之下,Scope Words
九霄雲外,Adverbs
乞丐,Nouns
乞求,Nouns
也,Emphasis Words
也是,Emphasis Words
也許,Nouns
乩童,Nouns
乳房,Nouns
乳癌,Adjectives
乳罩,Nouns
乳臭未乾,Nouns
乾,Adjectives
乾坤,Adjectives
乾旱,Adjectives
乾涸,Adjectives
乾淨,Adjectives
乾燥,Adjectives
乾燥盒,Adverbs
乾癟,Nouns
亂,Adverbs
亂七八糟,Adverbs
亂倫,Pronouns
亂哄哄,Adverbs
亂流,Nouns
亂說,Adverbs
了,Pronouns
了解,Nouns
予取予求,Nouns
事,Nouns
事件,Nouns
事假,Nouns
事情,Nouns
事故,Nouns
事端,Quantifiers
事項,Nouns
二,Quantifiers
二十,Nouns
二合一,Temporal Words
二月,Nouns
二氧化碳,Nouns
二胞胎,Nouns
互助,Coordinating Conjunctions
互動,Coordinating Conjunctions
互問,Coordinating Conjunctions
互惠,Nouns
互相,Adverbs
五,Quantifiers
五五波,Quantifiers
五十,Nouns
五官,Temporal Words
五月,Nouns
五毛錢,Nouns
五穀,Nouns
五臟,Emphasis Words
五體投地,Nouns
井,Temporal Words
井井有條,Temporal Words
井然有序,Nouns
井田,Emphasis Words
些微,Nouns
亡國,Nouns
亡故,Adjectives
亡羊補牢,Idioms
亢奮,Adjectives
亢旱,Adjectives
交付,Verbs
交保,Verbs
交割,Verbs
交叉,Verbs
交大,Nouns
交差,Verbs
交手,Verbs
交易,Nouns
交流道,Nouns
交通,Nouns
交通大學,Nouns
交通規則,Adjectives
交錯,Verbs
交際,Nouns
亨通,Idioms
亮麗,Adjectives
人,Nouns
人偶,Nouns
人口流動,Nouns
人工電子耳,Nouns
人情,Nouns
人拿過去,Pronouns
人格,Nouns
人質,Nouns
人造衛星,Nouns
什麼,Question Pronouns
什麼事?,Question Pronouns
什麼事情?,Question Pronouns
什麼時候,Temporal Words
什麼時間,Temporal Words
仁,Verbs
仁愛,Verbs
仁慈,Nouns
仁義,Nouns
今天,Nouns
今年,Coordinating Conjunctions
仔細,Adverbs
仕途,Nouns
他,Pronouns
他倆,Pronouns
他們,Pronouns
他們兩個,Pronouns
他的,Possessive Pronouns
他鄉,Nouns
仗勢,Nouns
付出,Verbs
付帳,Verbs
付梓,Verbs
付託,Verbs
付錢,Nouns
仙,Nouns
仙人掌,Nouns
仙人跳,Nouns
仙女棒,Verbs
代替,Verbs
代表,Nouns
代謝,Temporal Words
令出必行,Temporal Words
以前,Temporal Words
以往,Temporal Words
以後,Temporal Words
以為,Question Adverbs
以牙還牙,Adverbs
以色列,Nouns
仰人鼻息,Scope Words
仰式,Nouns
仰望,Nouns
仰泳,Nouns
仰臥,Nouns
仲裁,Nouns
任何,Nouns
任務,Quantifiers
任命,Adverbs
任性,Adverbs
任意,Quantifiers
份量,Adverbs
仿冒,Nouns
仿照,Nouns
企圖,Nouns
企業,Nouns
企管系,Nouns
企鵝,Nouns
伊拉克,Nouns
伊朗,Nouns
伊甸園,Nouns
伊索寓言,Nouns
伎倆,Nouns
伏地挺身,Verbs
伏案,Verbs
伏法,Verbs
伏特,Nouns
伏筆,Nouns
伐木,Verbs
休假,Nouns
休克,Nouns
休息,Emphasis Words
休想,Pronouns
休閒,Nouns
伯仲之間,Pronouns
伯伯,Nouns
伯勞鳥,Nouns
伯父,Nouns
估價,Nouns
伶俐,Adjectives
伶牙俐齒,Adjectives
伸冤,Verbs
伸張正義,Verbs
伸懶腰,Verbs
似乎,Mood Particles
但,Coordinating Conjunctions
但是,Causal Conjunctions
但願,Mood Particles
佈告,Nouns
佈置,Nouns
位,Nouns
位元,Verbs
位置,Adjectives
位置交換,Adjectives
位階,Adjectives
低,Adjectives
低劣,Verbs
低漥,Nouns
低潮,Verbs
低聲下氣,Nouns
住宅,Nouns
住持,Nouns
佐證,Nouns
佔便宜,Verbs
佔據,Verbs
佔為己有,Verbs
佔領,Verbs
何,Question Pronouns
何嘗,Question Adverbs
何必,Question Adverbs
何故,Question Adverbs
何時,Nouns
何況,Nouns
佛,Nouns
佛像,Verbs
佛教,Emotion Particles
作古,Verbs
作品,Nouns
作嘔,Verbs
作廢,Emotion Particles
作弊,Verbs
作怪,Nouns
作秀,Verbs
作者,Nouns
佝僂病,Nouns
你,Pronouns
你倆,Pronouns
你們,Pronouns
你們兩個,Nouns
你好,Verbs
你的,Nouns
佣人,Nouns
佣金,Verbs
佩戴胸花,Nouns
佩服,Adverbs
佩槍,Adjectives
佯裝,Nouns
佳評,Nouns
併吞,Nouns
併攏,Nouns
併案,Verbs
併發症,Verbs
使用,Temporal Words
侃侃而談,Temporal Words
來源,Nouns
來臨,Verbs
來賓,Nouns
來龍去脈,Nouns
侈靡,Adjectives
例句,Nouns
例行公事,Verbs
侍候,Verbs
侍奉,Nouns
侍者,Nouns
供應,Nouns
供給,Nouns
供詞,Nouns
供認,Nouns
供銷,Nouns
依序,Nouns
依次,Nouns
依然,Nouns
依照,Adverbs
依舊,Adverbs
依賴,Adverbs
依附,Adverbs
依靠,Adverbs
侵占,Verbs
侵害,Verbs
侵略,Verbs
侵蝕,Verbs
侵襲,Verbs
侷促不安,Adjectives
便宜,Adjectives
便捷,Adjectives
便溺,Nouns
便當,Nouns
便祕,Adjectives
促使,Verbs
促進,Verbs
促銷,Verbs
俄羅斯,Nouns
俏皮話,Nouns
俐落,Adjectives
俗套,Adjectives
俗氣,Adjectives
俗話,Nouns
俗語,Adjectives
俘虜,Nouns
俚俗,Nouns
保存,Verbs
保守,Adjectives
保密,Adjectives
保持,Verbs
保持距離,Verbs
保暖,Adjectives
保留,Verbs
保留區,Nouns
保護,Verbs
保釋,Verbs
保重,Emphasis Words
保障,Verbs
保險,Nouns
保險套,Nouns
保麗龍,Nouns
保齡球,Nouns
俠義,Nouns
信,Verbs
信仰,Nouns
信口開河,Verbs
信差,Nouns
信息,Nouns
修繕,Verbs
修飾,Verbs
修養,Verbs
俯伏,Verbs
俯允,Verbs
俯瞰,Verbs
俯衝,Verbs
俱樂部,Nouns
俸祿,Nouns
俸給,Nouns
倉促,Adverbs
倉庫,Nouns
倉頡輸入法,Nouns
個,Nouns
個別,Quantifiers
個子,Quantifiers
個性,Nouns
個案,Nouns
倍,Nouns
們,Adverbs
倒,Nouns
倒塌,Adverbs
倒帳,Verbs
倒彩,Verbs
倒戈,Verbs
倒掉,Verbs
倒會,Causal Conjunctions
倒楣,Adjectives
倒立,Verbs
倒胃口,Adjectives
倒茶,Verbs
倒貼,Verbs
倒車,Verbs
倒退,Verbs
倒閉,Adjectives
倒霉,Question Adverbs
倘若,Temporal Words
候車,Nouns
候鳥,Emphasis Words
倜儻,Verbs
借,Pronouns
借你,Mood Particles
借光,Question Nouns
借口,Pronouns
借我,Mood Particles
借故,Question Nouns
借貸,Pronouns
借題發揮,Nouns
倡導,Verbs
倣效,Verbs
倦怠,Adjectives
倫,Pronouns
倫理,Nouns
倭寇,Nouns
值得,Adjectives
值日生,Nouns
值班,Nouns
假,Temporal Words
假借名義乞討,Nouns
假冒,Nouns
假如,Adjectives
假寐,Nouns
假惺惺,Adjectives
假扮,Adjectives
假日生活,Adjectives
假期,Nouns
假裝,Nouns
假釋,Adjectives
假面具,Adjectives
偉大,Adjectives
偏方,Nouns
偏激,Adjectives
偏袒,Pronouns
偏見,Nouns
偕同,Coordinating Conjunctions
做,Verbs
做不到,Mood Particles
做不成,Mood Particles
做事,Verbs
做夢,Verbs
做手腳,Verbs
做禮拜,Verbs
停,Temporal Words
停止,Verbs
停泊,Verbs
停火,Verbs
停話,Verbs
停車,Nouns
停車場,Adjectives
停頓,"Side Notes: ""側目"" and ""側門"" are idiomatic expressions that do not fit neatly into the provided categories. They might be considered as Nouns in this context."
偵察,Nouns
偵探,Nouns
偵查庭,Nouns
偵訊,Verbs
偶像,Nouns
偶然,Adverbs
偶而,Frequency Words
偷,Verbs
偷懶,Verbs
偷生,Verbs
偷看,Verbs
偷竊,Verbs
偷腥,Nouns
偷襲,Nouns
偷雞摸狗,Nouns
偽裝,Nouns
偽證,Temporal Words
偽鈔,Adjectives
傀儡,Nouns
傍晚,Nouns
傑出,Nouns
傘,Nouns
備案,Nouns
備註,Nouns
傢具,Nouns
催促,Verbs
催化劑,Nouns
催淚彈,Nouns
傭人,Nouns
傲慢,Adjectives
傳,Verbs
傳line,Nouns
傳呼機,Verbs
傳布,Nouns
傳手機簡訊,Nouns
傳播,Nouns
傳播學系,Nouns
傳染,Nouns
傳染病,Verbs
傳真,Nouns
傳真機,Verbs
傳票,Nouns
傳統,Nouns
傳聲筒,Nouns
傳記,Verbs
傳遞,Nouns
債主,Nouns
債券,Nouns
債務,Nouns
債台高築,Nouns
債權,Nouns
傷,Adjectives
傷亡,Adjectives
傷勢,Adjectives
傷心,Adjectives
傷痕,Nouns
傷腦筋,Adjectives
傷風,Nouns
傻眼,Nouns
傾向,Nouns
傾家蕩產,Nouns
傾心,Nouns
傾斜,Nouns
傾聽,Nouns
僕人,Nouns
僧侶,Nouns
僵局,Nouns
僵持,Nouns
僵硬,Adjectives
價值,Nouns
價格,Nouns
價碼,Nouns
價錢,Nouns
儀器,Nouns
儀容,Nouns
儀式,Nouns
儀表,Nouns
儀隊,Nouns
億,Nouns
儘管,Adjectives
儘量,Adverbs
償債,Verbs
償命,Verbs
償還,Verbs
優劣,Adjectives
優待,Adjectives
優格,Nouns
優秀,Adjectives
優酪乳,Nouns
優點,Adjectives
儲備人才,Nouns
儲存,Verbs
儲放,Verbs
儲蓄,Verbs
儲藏,Verbs
儼然,Adverbs
兀鷹,Nouns
允許,Pronouns
元兇,Nouns
元宵節,Nouns
元寶,Nouns
元旦,Nouns
兄,Nouns
兄弟,Nouns
兄弟姊妹,Nouns
充分,Adjectives
充滿,Adjectives
充耳不聞,Adverbs
充足,Adjectives
充電,Verbs
兆,Nouns
兇,Nouns
兇器,Pronouns
兇嫌,Nouns
兇狠,Adjectives
先,Temporal Words
先後,Scope Words
先生,Nouns
先生和太太,Nouns
光,Quantifiers
光了,Scope Words
光棍,Adjectives
光榮,Temporal Words
光芒,Nouns
光陰,Nouns
光頭,Nouns
光顧,Adjectives
克勤克儉,Verbs
克服,Verbs
兌換,Verbs
兌現,Verbs
免役,Nouns
免疫力,Nouns
免費,Nouns
免除,Nouns
兔唇,Nouns
兔子,Nouns
兜售,Verbs
兜圈子,Verbs
兜風,Verbs
兢兢業業,Adjectives
入口,Nouns
入帳,Nouns
入殮,Nouns
入獄,Nouns
入股,Nouns
入贅,Nouns
入超,Nouns
入迷,Nouns
內,Nouns
內分泌,Nouns
內容,Nouns
內急,Nouns
內憂外患,Nouns
內服,Adjectives
內疚,Nouns
內行,Nouns
內衣,Temporal Words
全,Quantifiers
全力以赴,Emphasis Words
全台灣,Scope Words
全國,Nouns
全家,Nouns
全家便利商店,Nouns
全心全意,Emphasis Words
全民健保,Nouns
全球,Nouns
全部,Scope Words
兩個,Temporal Words
兩天後,Nouns
兩岸,Nouns
兩性,Adjectives
八,Nouns
八八節,Nouns
八十,Nouns
八月,Nouns
公,Nouns
公公,Nouns
公共廁所,Nouns
公共汽車,Nouns
公分,Nouns
公務員,Nouns
公升,Nouns
公司,Nouns
公合,Nouns
公噸,Nouns
公園,Nouns
公墓,Nouns
公婆,Nouns
公害,Nouns
公寸,Nouns
公尺,Nouns
公差,Verbs
公布,Adjectives
公平,Nouns
公廁,Adjectives
公德,Nouns
公文,Nouns
公斗,Nouns
公斤,Nouns
公正,Nouns
公民,Adjectives
公演,Nouns
公石,Nouns
公證結婚,Nouns
公費,Nouns
公路,Nouns
公路局,Nouns
公車,Nouns
公車亭,Nouns
公車站,Nouns
公道,Nouns
公里,Nouns
公錢,Nouns
公開,Nouns
六,Nouns
六十,Nouns
六月,Nouns
六神無主,Nouns
六親不認,Nouns
共事,Nouns
共同,Nouns
共同,Nouns
兵役,Nouns
其中,Adverbs
其他,Nouns
其實,Nouns
其次,Transitional Conjunctions
其餘,Scope Words
具備,Adjectives
具體,Frequency Words
典當,Nouns
典禮,Nouns
兼任,Coordinating Conjunctions
兼併,Coordinating Conjunctions
兼差,Coordinating Conjunctions
兼職,Nouns
兼顧,Nouns
冊,Emphasis Words
再,Nouns
再接再勵,Adverbs
再見,Mood Particles
冒充,Nouns
冒犯,Adjectives
冒險,Nouns
冠軍,Nouns
冤情,Nouns
冤枉,Temporal Words
冬瓜,Nouns
冬至,Temporal Words
冰,Nouns
冰山,Nouns
冰敷,Nouns
冰敷袋,Nouns
冰棒,Nouns
冰河,Nouns
冰淇淋,Nouns
冰箱,Nouns
冰雕,Nouns
冰雪,Nouns
冰雹,Nouns
冷,Adjectives
冷冷地,Adverbs
冷凍,Verbs
冷場,Nouns
冷氣,Nouns
冷氣機,Nouns
冷藏,Verbs
冷靜,Nouns
冷靜,Nouns
冷飲,Emphasis Words
凋落,Adjectives
凌亂,Adjectives
凌晨,Temporal Words
凌虐,Adjectives
凌辱,Adjectives
凍僵,Adjectives
凝固,Verb
凝視,Adjectives
凡士林,Nouns
凡是,Quantifiers
凱旋,Nouns
凶悍,Adjectives
凶惡,Adjectives
凶猛,Adjectives
凸透鏡,Nouns
凹凸不平,Adjectives
凹透鏡,Nouns
凹陷,Adjectives
出,Nouns
出乎意料,Verb
出事,Adverbs
出去,Verbs
出口,Verbs
出局,Nouns
出差,Verbs
出息,Nouns
出殯,Nouns
出爾反爾,Adverbs
出版,Verbs
出版社,Nouns
出獄,Verbs
出生,Verbs
出發,Verbs
出租,Verbs
出納,Nouns
出軌,Verbs
出醜,Adverbs
出門,Verbs
出風頭,Nouns
刀削麵,Nouns
刀叉,Nouns
刀子,Adjectives
刁難,Nouns
分,Verbs
分享,Nouns
分享日,Verbs
分別,Nouns
分娩,Verbs
分子,Nouns
分手,Nouns
分支機關,Nouns
分數,Nouns
分期付款,Nouns
分發,Verbs
分紅,Nouns
分組,Nouns
分贓,Nouns
分配,Verbs
分開,Nouns
分類,Nouns
切,Verbs
切除,Nouns
刊物,Verbs
刊登,Nouns
刑,Nouns
刑事,Nouns
刑場,Nouns
刑求,Nouns
刑法,Nouns
刑警,Nouns
划,Nouns
划不來,Nouns
划算,Adverbs
划船,Verbs
划龍舟,Adverbs
列車,Nouns
初審,Nouns
初戀,Nouns
初次,Adjectives
初版,Nouns
初等,Adjectives
初級,Adjectives
初診,Nouns
初試,Nouns
初賽,Nouns
初選,Nouns
判斷,Verbs
判決,Nouns
別人,Pronouns
別墅,Pronouns
別有用心,Adjectives
別的,Nouns
別離,Adjectives
刨木頭,Verbs
利,Adjectives
利害,Verbs
利息,Nouns
刪減,Verbs
刪除,Verbs
刮彩卷,Nouns
刮目相看,Idioms
刮臉,Verbs
刮鬍子,Verbs
到,Spatial Words
到底,Spatial Words
到處,Verbs
到達,Verbs
制度,Nouns
制服,Nouns
制止,Verbs
刷卡,Verbs
刷子,Nouns
刷牙,Adverbs
券,Adjectives
刺,Adjectives
刺激,Nouns
刺痛,Idioms
刺目,Nouns
刻苦耐勞,Adjectives
刻薄,Adjectives
剁,Verbs
剁碎,Verbs
剃光頭,Verbs
剃刀,Nouns
剃頭,Verbs
削弱,Verbs
削水果,Verbs
削減,Adjectives
剋星,Temporal Words
前一天,Temporal Words
前天,Verbs
前往,Nouns
前後,Adjectives
前程萬里,Temporal Words
前途,Adjectives
前進,Temporal Words
前面,Verbs
剝皮,Verbs
剝落,Verbs
剩,Quantifiers
剩下,Adverbs
剩餘,Adverbs
剪刀,Nouns
剪票,Verbs
剪綵,Verbs
剪裁,Verbs
剪貼,Verbs
副,Nouns
副作用,Nouns
副刊,Nouns
副業,Verbs
割,Verbs
割愛,Verbs
割斷,Verbs
割讓,Nouns
創作,Nouns
創刊,Nouns
創意,Verbs
創新,Verbs
創造,Verbs
剷除,Verbs
劃分,Verbs
劃撥,Verbs
劇,Nouns
劇團,Nouns
劇情,Nouns
劇本,Nouns
劇烈,Adjectives
劈開,Verbs
劍,Nouns
劍術,Nouns
力氣,Nouns
力求,Verbs
力量,Nouns
功勞,Nouns
功夫,Nouns
功能,Idioms
功虧一簣,Nouns
功課,Verbs
加,Verbs
加倍,Verbs
加入,Verbs
加油,Emphasis Words
加油站,Nouns
加法,Nouns
加班,Nouns
加薪,Nouns
加護病房,Nouns
加速,Verbs
劣勢,Nouns
劣根性,Nouns
劣等,Nouns
助理,Nouns
助聽器,Nouns
助聽器戴上,Verbs
助聽器拿下,Nouns
助聽器掉了,Nouns
助聽器關機,Verbs
助聽器電池匣,Adjectives
助選,Nouns
努力,Nouns
劫持,Nouns
劫機,Adjectives
劫運,Verbs
勃起,Nouns
勇敢,Adjectives
勇氣,Adjectives
勉勵,Verbs
勉強,Verbs
勒令,Verbs
勒索,Verbs
動,Verbs
動作,Nouns
動員,Verbs
動心,Adjectives
動搖,Adjectives
動武,Verbs
動物,Nouns
動物園,Nouns
動畫,Nouns
動脈,Verbs
勘查,Verbs
勘災,Verbs
勘誤,Adjectives
務實,Adjectives
務必,Verbs
務農,Nouns
勝任,Nouns
勝利,Nouns
勝訴,Nouns
勞力,Nouns
勞動節,Nouns
勞工節,Nouns
勞工關係學系,Nouns
勞方,Pronouns
勞累,Adjectives
勞軍,Nouns
募捐,Nouns
募款,Nouns
勢利眼,Nouns
勢力,Nouns
勤儉,Adjectives
勤勉,Adjectives
勤勞,Adjectives
勤奮,Adjectives
勤學,Adjectives
勤快,Adjectives
勤惰,Adjectives
勤能補拙,Nouns
勳章,Nouns
勵志,Verbs
勸告,Verbs
勸導,Verbs
勸架,Nouns
勾引,Verbs
勾結,Verbs
包,Nouns
包含,Verbs
包圍,Nouns
包子,Nouns
包容,Verbs
包打聽,Verbs
包括,Nouns
包水餃,Verbs
包紮,Nouns
包裝,Nouns
包裹,Nouns
包辦,Nouns
匆忙,Nouns
化,Temporal Words
化妝,Verbs
化學,Nouns
化學工程學系,Nouns
化學系,Nouns
化學與生物學系,Nouns
化工系,Nouns
化膿,Verbs
化裝,Verbs
化解,Verbs
化驗,Verbs
北,Nouns
北回歸線,Nouns
北投,Nouns
北捷,Nouns
北斗星,Nouns
北方,Nouns
北極,Nouns
北美洲,Nouns
匝道,Nouns
匯兌,Nouns
匯款,Nouns
匯率,Nouns
匯票,Adjectives
匱乏,Nouns
匾額,Question Pronouns
匿名,Nouns
區,Nouns
區公所,Nouns
區分,Nouns
區別,Nouns
區域,Nouns
區隔,Nouns
十,Quantifiers
十一月,Temporal Words
十二月,Temporal Words
十二生肖,Nouns
十全十美,Adjectives
十分,Nouns
十字架,Nouns
十字路口,Temporal Words
十月,Quantifiers
十萬,Adjectives
千,Verb
千鈞一髮,Verb
升值,Verb
升學,Verb
升官發財,Verb
升旗,Nouns
升級,Nouns
升降機,Adverbs
午休,Nouns
半價,Scope Words
半夜,Temporal Words
半天課,Nouns
半工半讀,Nouns
半徑,Nouns
半票,Nouns
半身不遂,Nouns
卑微,Adjectives
卑鄙,Adjectives
卓越,Adjectives
協助,Nouns
協商,Nouns
協會,Nouns
協調,Nouns
南,Nouns
南來北往,Nouns
南方,Nouns
南極,Nouns
南美洲,Nouns
南邊,Nouns
南面,Nouns
卜卦,Nouns
卡,Pronouns
卡介苗,Nouns
卡位,Nouns
卡片,Nouns
卡牌,Nouns
卡路里,Nouns
卡車,Nouns
卡通,Nouns
印刷,Nouns
印尼,Nouns
印度,Nouns
印章,Nouns
印第安人,Nouns
印表機,Nouns
印象,Adjectives
危急,Adverbs
危機,Adverbs
危險,Adverbs
即使,Nouns
即刻,Nouns
即席,Nouns
即食麵,Nouns
卵,Nouns
卵子,Nouns
卵巢,Nouns
卵生,Adjectives
卷子,Nouns
卷宗,Nouns
卸任,Verbs
卸妝,Verbs
卸貨,Verbs
卸責,Verbs
卸責給他,Nouns
卻步,Nouns
卿卿我我,Nouns
厄運,Adjectives
厚,Nouns
厚度,Adjectives
厚愛,Nouns
厚此薄彼,Adjectives
厚臉皮,Nouns
厚道,Temporal Words
原住民,Nouns
原來,Nouns
原則,Nouns
原封不動,Nouns
原形畢露,Nouns
原意,Nouns
原料,Nouns
原版,Nouns
原理,Nouns
原諒,Nouns
厭倦,Adjectives
厭惡,Adjectives
厭煩,Adjectives
厲害,Adjectives
去,Verbs
去世,Verbs
去向,Nouns
去年,Temporal Words
去掉,Verbs
去留,Nouns
參加,Verbs
參政,Nouns
參考,Nouns
參考書,Nouns
參觀,Nouns
又,Coordinating Conjunctions
友情,Nouns
友愛,Nouns
友誼,Nouns
友邦,Nouns
反,Adverbs
反光,Nouns
反叛,Nouns
反哺,Nouns
反射,Nouns
反對,Adverbs
反常,Adverbs
反悔,Adverbs
反感,Nouns
反應,Adverbs
反抗,Nouns
反擊,Adverbs
反攻,Nouns
反正,Adverbs
反目,Nouns
反省,Nouns
取代,Verbs
取得,Verbs
取悅,Verbs
取暖,Verbs
取消,Verbs
取笑,Verbs
取締,Verbs
受傷,Verbs
受傷,Verbs
受刑人,Nouns
受孕,Verbs
受害,Verbs
受寒,Verbs
受挫,Verbs
受氣,Verbs
受涼,Nouns
受災戶,Verbs
受獎,Verbs
受理,Verbs
受益,Verbs
受罪,Verbs
受聘,Verbs
受辱,Verbs
受騙,Verbs
叛亂,Nouns
叛變,Verbs
叛逆,Nouns
叢書,Nouns
叢林,Nouns
口,Nouns
口供,Nouns
口吃,Adjectives
口哨,Nouns
口感,Adjectives
口才,Nouns
口氣,Adjectives
口沫,Nouns
口沫橫飛,Nouns
口渴,Nouns
口琴,Nouns
口福,Nouns
口紅,Nouns
口罩,Nouns
口腔,Nouns
口角,Nouns
口語,Nouns
口譯,Nouns
口述,Nouns
口香糖,Nouns
古,Nouns
古典,Nouns
古怪,Adjectives
古時候,Temporal Words
古板,Adjectives
古柯鹼,Nouns
古箏,Nouns
古老,Nouns
古董,Nouns
古蹟,Nouns
句型,Nouns
句子,Nouns
句法,Nouns
句號,Nouns
另外,Nouns
叩應,Nouns
叩門,Nouns
叩關,Nouns
只,Quantifiers
只好,Emphasis Words
只怕,Causal Conjunctions
只是,Scope Words
只有,Quantifiers
只有一個,Quantifiers
只要,Conditional Words
叫,Pronouns
叫做,Pronouns
叫喊,Verbs
叫座,Verbs
叫老師,Verbs
叫號,Verbs
叫賣,Verbs
召喚,Verbs
召見,Verbs
召開,Verbs
召集,Verbs
叮嚀,Emphasis Words
可以,Adjectives
可口,Nouns
可口可樂,Adjectives
可怕,Adjectives
可恥,Adjectives
可惜,Adjectives
可惡,Emphasis Words
可憐,Adjectives
可是,Mood Particles
可疑,Adjectives
可能,Adverbs
可靠,Adjectives
台中,Nouns
台北,Nouns
台北捷運,Nouns
台南,Nouns
台大,Nouns
台灣,Nouns
台灣大學,Nouns
台灣高速鐵路,Nouns
台詞,Nouns
台風,Verbs
叱喝,Nouns
史,Nouns
史書,Nouns
史記,Nouns
史跡,Nouns
右,Adjectives
右手,Nouns
右邊,Adjectives
吃,Verbs
吃下去,Verbs
吃不消,Adverbs
吃光,Verbs
吃力,Adjectives
吃完,Verbs
吃東西,Nouns
吃癟,Adjectives
吃粽子,Verbs
吃苦,Adjectives
吃藥,Verbs
吃虧,Adjectives
吃醋,Verbs
吃重,Adjectives
吃飯,Verbs
吃飽了,Emphasis Words
合作,Coordinating Conjunctions
合併,Coordinating Conjunctions
合唱,Nouns
合夥,Nouns
合奏,Nouns
合情合理,Adjectives
合格,Adjectives
合法,Adjectives
合照,Nouns
合約,Nouns
合群,Adjectives
合身,Nouns
吉他,Mood Particles
吉凶,Adjectives
吉利,Nouns
吉普車,Nouns
吉祥,Nouns
吊床,Nouns
吊扇,Nouns
吊橋,Temporal Words
吊車,Pronouns
吊銷,Coordinating Conjunctions
同性婚姻,Pronouns
同情,Adjectives
同意,Verbs
同感,Adjectives
同樂會,Nouns
同班,Nouns
同甘共苦,Idioms
同行,Nouns
名冊,Nouns
名勝,Nouns
名單,Nouns
名字,Nouns
名師,Nouns
名次,Nouns
名片,Nouns
名牌,Nouns
名產,Nouns
名稱,Nouns
名言,Nouns
名詞,Nouns
名譽,Nouns
后冠,Verbs
吐,Nouns
吐司,Verbs
吐痰,Nouns
吐血,Verbs
向,Scope Words
向上,Directional Words
向心力,Nouns
向日葵,Nouns
君權,Nouns
吝嗇,Adjectives
吞嚥,Verbs
吞沒,Verbs
吟詩,Verbs
否則,Causal Conjunctions
否定,Emphasis Words
否決,Negation Words
否認,Negation Words
吩咐,Negation Words
含冤,Verbs
含糊,Adjectives
含羞草,Scope Words
含蓄,Nouns
含辛茹苦,Nouns
吳,Emphasis Words
吳郭魚,Nouns
吵,Verbs
吵架,Verbs
吶喊,Verbs
吸塵器,Nouns
吸引,Verbs
吸收,Verbs
吸毒,Verbs
吸煙,Verbs
吸盤,Nouns
吸管,Nouns
吸食,Verbs
吹,Verbs
吹口哨,Verbs
吹奏,Verbs
吹泡泡,Verbs
吹牛,Verbs
吹蠟燭,Verbs
吹頭髮,Nouns
吹風機,Nouns
吻,Verbs
吻合,Verbs
吼,Nouns
吼叫,Adjectives
呂,Nouns
呆板,Adjectives
呈報,Verbs
呈現,Verbs
告別,Verbs
告密,Verbs
告狀,Verbs
告知,Verbs
告示,Verbs
告訴,Verbs
告訴老師,Verbs
告誡,Verbs
告辭,Verbs
告退,Verbs
呢喃,Mood Particles
周,Temporal Words
周圍,Nouns
周詳,Adjectives
周轉,Nouns
味精,Nouns
味道,Verbs
呵欠,Verbs
呵癢,Verbs
呵護,Verbs
呻吟,Verbs
呼吸,Verbs
呼喊,Verbs
呼喚,Verbs
呼拉圈,Nouns
呼籲,Verbs
命中,Nouns
命令,Nouns
命案,Nouns
命運,Nouns
命題,Nouns
咄咄逼人,Adjectives
咆哮,Verbs
和,Verbs
和好,Nouns
和尚,Nouns
和平,Adjectives
和氣,Adjectives
和睦,Adjectives
和緩,Adjectives
和解,Adjectives
和談,Nouns
和諧,Nouns
咎由自取,Nouns
咖啡色,Adjectives
咬,Verbs
咬定,Adverbs
咬碎,Verbs
咬緊牙關,Adverbs
咬耳朵,Verbs
咳嗽,Verbs
咳痰,Verbs
咳血,Verbs
哀傷,Nouns
哀悼,Nouns
哀愁,Adjectives
哀求,Verbs
品,Nouns
品德,Nouns
品格,Nouns
品牌,Nouns
品種,Verbs
品行,Mood Particles
員,Nouns
哥哥,Pronouns
哥哥弟弟,Pronouns
哨子,Nouns
哪一個,Question Pronouns
哪有,Question Pronouns
哪裡,Question Pronouns
哭,Verbs
哭泣,Verbs
哭笑不得,Adverbs
哮喘,Nouns
哲學系,Nouns
哲理,Nouns
哺乳,Nouns
哺育,Nouns
哽咽,Emphasis Words
唆使,Nouns
唐三彩,Nouns
唐人街,Temporal Words
唐朝,Nouns
唯一,Scope Words
唯命是從,Scope Words
唱,Verbs
唱反調,Adverbs
唱歌,Verbs
唱票,Verbs
唸書,Verbs
唾棄,Emphasis Words
唾液,Nouns
啄木鳥,Nouns
商,Nouns
商品,Nouns
商場,Nouns
商店,Nouns
商數,Nouns
商業,Nouns
商標,Nouns
商船,Nouns
商號,Nouns
商行,Verbs
商量,Verbs
問,Verbs
問世,Nouns
問答,Question Words
問號,Question Punctuation
問題,Question Nouns
啞,Pronouns
啞口無言,Question Nouns
啞鈴,Nouns
啟智學校,Nouns
啟程（起程）,Nouns
啟聰,Nouns
啟聰學校,Nouns
啟蒙,Nouns
啟迪（啟發）,Nouns
啤酒,Nouns
啦啦隊,Nouns
啼笑皆非,Nouns
善待,Nouns
善後,Nouns
善心,Nouns
善意,Nouns
善良,Nouns
喇叭,Nouns
喊,Verbs
喊叫,Verbs
喊紅燈,Verbs
喋喋不休,Verbs
喑啞,Adjectives
喘,Verbs
喘息,Verbs
喚醒,Verbs
喜事,Nouns
喜劇,Nouns
喜好,Nouns
喜帖,Nouns
喜悅,Nouns
喜愛,Nouns
喜歡,Nouns
喜洋洋,Nouns
喜筵,Verbs
喜酒,Verbs
喝,Verbs
喝水,Temporal Words
喝采,Adjectives
喝阻,Nouns
喧鬧,Nouns
喪失,Nouns
喪禮,Nouns
喬妝,Nouns
喬木,Nouns
喬遷,Nouns
單人房,Nouns
單位,Nouns
單元,Nouns
單打,Nouns
單打獨鬥,Nouns
單據,Nouns
單數,Nouns
單槓,Adjectives
單獨,Nouns
單純,Nouns
單薄,Adjectives
單行道,Nouns
單調,QuestionPronouns
單身女,Nouns
單身漢,Nouns
嗅覺,Adjectives
嗎,Nouns
嗎啡,Adjectives
嗓子,Nouns
嗓門,Adjectives
嗓音,Nouns
嗜好,Nouns
嗤之以鼻,Emphasis Words
嘆氣,Verbs
嘈雜,Adjectives
嘉勉,Verbs
嘉年華會,Nouns
嘉惠,Verbs
嘉獎,Verbs
嘉義,Nouns
嘔吐,Verbs
嘗試,Adverbs
嘮叨,Causal Conjunctions
嘲笑,Verbs
嘴巴,Nouns
噤聲,Emphasis Words
器官,Nouns
器材,Nouns
噪音,Nouns
噴嚏,Verbs
噴水池,Nouns
噴泉,Nouns
噴酒精,Verbs
嚇一跳,Emotion Particles
嚐,Verbs
嚐試,Verbs
嚮導,Nouns
嚮往,Nouns
嚴格,Adjectives
嚴重,Adjectives
囂張,Adjectives
囉唆,Mood Particles
囊括,Quantifiers
囑咐,Verbs
囚犯,Verbs
囚禁,Nouns
四,Verbs
四十,Quantifiers
四周,Quantifiers
四季,Temporal Words
四平八穩,Nouns
四捨五入,Nouns
四月,Adjectives
四海為家,Adjectives
四維八德,Temporal Words
四肢,Nouns
回信,Verbs
回味,Verb
回報,Verb
回家,Verb
回復,Verb
回想,Verb
回憶,Verb
回收,Verb
回教,Noun
回數票,Noun
回程,Noun
回答,Verb
回頭是岸,Expression
回顧,Verb
回饋,Verb
回首,Verb
因小失大,Expression
因數,Noun
因材施教,Noun
因果,Noun
因此,Causal Conjunction
因為,Because
困惑,Confusion
困擾,Trouble
困苦,Hardship
困難,Adjectives
固執,Adjectives
固定,Adjectives
固體,Nouns
圈套,Nouns
圈子,Nouns
圈選,Nouns
國,Nouns
國一,Nouns
國三,Nouns
國中,Nouns
國中一年級,Nouns
國中三年級,Nouns
國中二年級,Nouns
國中畢業,Nouns
國二,Nouns
國劇,Nouns
國土,Nouns
國定假日,Nouns
國家,Nouns
國小,Nouns
國慶,Nouns
國曆,Nouns
國會,Nouns
國歌,Nouns
國民所得,Nouns
國泰民安,Nouns
國王,Nouns
國產,Nouns
國畫,Nouns
國立,Nouns
國立中正大學,Nouns
國立交通大學,Nouns
國立台灣大學,Nouns
國立成功大學,Nouns
國立清華大學,Nouns
國籍,Nouns
國花,Nouns
國術,Nouns
國語,Nouns
國貨,Nouns
國軍,Nouns
國防,Nouns
國際,Nouns
圍兜,Nouns
圍巾,Nouns
圍棋,Nouns
圍毆,Verbs
圍牆,Nouns
圍繞,Verbs
園,Nouns
園地,Nouns
園藝,Nouns
園遊會,Nouns
圓,Nouns
圓周,Nouns
圓周率,Nouns
圓形,Nouns
圓滿,Nouns
圓環,Nouns
圓規,Nouns
圖書,Nouns
圖書館,Nouns
圖片,Nouns
圖畫,Nouns
圖畫紙,Nouns
圖表,Verbs
圖釘,Nouns
團結,Nouns
團聚,Nouns
團體,Nouns
土,Nouns
土地,Nouns
土地神,Nouns
土壤,Nouns
土石流,Nouns
土風舞,Nouns
在,Scope Words
在乎,Mood Particles
在場,Temporal Words
在學,Temporal Words
在家閒晃,Nouns
在意,Mood Particles
在職,Temporal Words
在野,Temporal Words
地,Nouns
地下室,Nouns
地下道,Nouns
地圖,Nouns
地址,Nouns
地平線,Nouns
地心引力,Nouns
地攤,Nouns
地方,Nouns
地板,Nouns
地球,Nouns
地球與環境科學系,Nouns
地理,Nouns
地環系,Nouns
地瓜,Nouns
地震,Nouns
地點,Nouns
均勻,Adjectives
均富,Adjectives
均等,Adjectives
均衡,Adjectives
坊間,Nouns
坍塌,Nouns
坎坷,Adjectives
坐,Verbs
坐享其成,Expressions
坐大,Verbs
坐失良機,Expressions
坐正,Verbs
坐牢,Expressions
坐立不安,Verbs
坐視不管,Expressions
坐鎮,Nouns
坡道,Nouns
坦白,Adverbs
坪數,Quantifiers
垂直,Adjectives
垂頭喪氣,Adjectives
垃圾,Nouns
垃圾桶,Nouns
垃圾車,Nouns
垮台,Nouns
埃及,Nouns
埋怨,Mood Particles
埋葬,Mood Particles
埋首,Nouns
城,Nouns
城堡,Nouns
城市,Nouns
城隍廟,Nouns
執意,Nouns
執照,Nouns
執著,Nouns
執行,Nouns
執迷不悟,Nouns
培訓,Nouns
培養,Nouns
基因,Nouns
基層,Nouns
基本,Nouns
基督教,Nouns
基礎,Nouns
基金,Nouns
基隆,Nouns
堂,Nouns
堂哥,Pronouns
堂堂正正,Adjectives
堅固,Adjectives
堅強,Adjectives
堅忍,Adjectives
堅持,Adjectives
堅毅,Nouns
堆高機,Verbs
報仇,Verbs
報到,Verbs
報名,Verbs
報告,Verbs
報導,Verbs
報復,Verbs
報恩,Nouns
報應,Verbs
報案,Nouns
報考,Verbs
報警,Verbs
報酬,Nouns
場,Nouns
場所,Nouns
場面,Nouns
堵塞,Nouns
塌陷,Nouns
塑膠,Nouns
塑膠袋,Nouns
塔,Nouns
塗,Verbs
塗改,Verbs
塞住,Verbs
塞翁失馬,Nouns
塞車,Nouns
填充,Verbs
填報,Nouns
塵埃,Nouns
境域,Nouns
境界,Verbs
墊款,Nouns
墜地,Nouns
增值,Verbs
增進,Verbs
增高,Verbs
墨守成規,Pronouns
墨水,Nouns
墨水匣,Nouns
墨汁,Nouns
墨鏡,Nouns
墨魚,Nouns
墮胎,Verbs
墮落,Verbs
墳墓,Nouns
墾荒,Verbs
壁報,Nouns
壁球,Nouns
壁虎,Nouns
壓,Verbs
壓制,Adjectives
壓力,Nouns
壓抑,Adjectives
壓搾,Adjectives
壓歲錢,Verbs
壓迫,Nouns
壘球,Adjectives
壞人,Nouns
壞掉,Adjectives
壞習慣,Nouns
壞蛋,Nouns
壞話,Nouns
壟斷,Nouns
士,Nouns
士兵,Nouns
士林,Nouns
士氣,Nouns
壯,Adjectives
壯年,Nouns
壯盛,Adjectives
壯膽,Adjectives
壯觀,Adjectives
壽司,Nouns
壽命,Nouns
壽比南山,Nouns
壽險,Nouns
夏,Nouns
夏令營,Temporal Words
夏天,Nouns
夏威夷,Nouns
夏季,Nouns
夏至,Nouns
夕陽,Nouns
外交部,Nouns
外公,Pronouns
外勤,Nouns
外匯,Nouns
外向,Adjectives
外國,Nouns
外國語文學系,Nouns
外埠,Nouns
外套,Nouns
外婆,Pronouns
外孫,Pronouns
外孫女,Nouns
外文系,Nouns
外甥,Nouns
外甥女,Nouns
外用藥,Nouns
外科,Nouns
外籍,Nouns
外號,Adjectives
外行,Nouns
外表,Nouns
外面,Temporal Words
夙夜匪懈,Adverbs
多,Quantifiers
多久?,Question Adverbs
多元,Nouns
多半,Quantifiers
多少,Question Quantifiers
多少年,Question Quantifiers
多少錢?,Adjectives
多愁善感,Adjectives
多才多藝,Frequency Words
多次,Question Quantifiers
多疑,Question Quantifiers
多的是,Question Quantifiers
多虧,Emphasis Words
多遠?,Nouns
多重?,Nouns
多長?,Nouns
多麼,Nouns
夜光錶,Nouns
夜市,Emphasis Words
夠交情,Emphasis Words
夠朋友,Emphasis Words
夠格,Quantifiers
夢,Nouns
夢境,Nouns
夢幻,Adjectives
夢想,Nouns
夢鄉,Temporal Words
大,Nouns
大一,Adjectives
大事,Nouns
大便,Nouns
大動脈,Nouns
大吉,Nouns
大同,Nouns
大同小異,Nouns
大哥大,Nouns
大富翁,Nouns
大局,Nouns
大庭廣眾,Nouns
大廈,Nouns
大快人心,Adjectives
大意,Adjectives
大慈大悲,Adjectives
大拇指,Nouns
大掃除,Nouns
大方,Adjectives
大於勝過,Adjectives
大智若愚,Nouns
大概,Adverbs
大樓,Nouns
大洋洲,Nouns
大海撈針,Nouns
大班,Nouns
大理石,Nouns
大男人主義,Nouns
大眾,Nouns
大眾傳播,Adverbs
大碗,Nouns
大約,Adverbs
大腸,Nouns
大腸包小腸,Nouns
大腹便便,Adjectives
大膽,Adjectives
大蒜,Nouns
大西洋,Nouns
大計,Nouns
大豆,Nouns
大象,Nouns
大賣場,Nouns
大赦,Nouns
大過,Nouns
大都會,Nouns
大量,Quantifiers
大開眼界,Expressions
大阪,Nouns
大陸,Nouns
大雨,Nouns
大頭貼,Nouns
大頭針,Nouns
大驚小怪,Expressions
天,Nouns
天下,Nouns
天下為公,Expressions
天主教,Nouns
天作之合,Nouns
天使,Nouns
天倫,Nouns
天地,Nouns
天堂,Nouns
天性,Nouns
天才,Nouns
天文,Nouns
天文數字,Nouns
天橋,Nouns
天氣,Nouns
天涯,Nouns
天涯海角,Nouns
天災,Nouns
天然,Nouns
天然氣,Nouns
天理,Nouns
天真,Nouns
天空,Nouns
天窗,Nouns
天資,Temporal Words
太,Scope Words
太多,Scope Words
太太,Temporal Words
太平,Nouns
太平洋,Nouns
太平門,Nouns
太平間,Nouns
太極拳,Nouns
太空人,Nouns
太空梭,Emphasis Words
太過分,Nouns
太陽,Nouns
太陽穴,Nouns
太陽能,Nouns
太陽餅,Pronouns
夫唱婦隨,Nouns
夫妻,Nouns
夫婦,Nouns
夫子,Adjectives
夭折,Nouns
央,Nouns
失,Adjectives
失信,Nouns
失學,Emphasis Words
失常,Adjectives
失意,Adjectives
失戀,Adjectives
失手,Adjectives
失掉,Adjectives
失效,Adjectives
失敗,Adjectives
失望,Adjectives
失業,Adjectives
失火,Adjectives
失眠,Adjectives
失神,Adjectives
失禮,Adjectives
失竊,Adjectives
失約,Adjectives
失色,Adjectives
失足,Adjectives
失蹤,Nouns
失身,Nouns
夾克,Adjectives
夾菜,Adjectives
奇妙,Adjectives
奇異,Nouns
奇異果,Nouns
奇裝異服,Nouns
奇蹟,Nouns
奈何,Mood Particles
奉公守法,Verbs
奉命,Verbs
奉獻,Verbs
奉送,Verbs
奉陪,Verbs
奉養,Verbs
奏效,Verbs
奏樂,Verbs
契約,Nouns
奔波,Verbs
奔走,Nouns
奔跑,Nouns
套用,Adjectives
套裝,Nouns
奢侈,Nouns
奢望,Verbs
奪標,Verbs
奮發,Verbs
奮鬥,Verbs
女人,Nouns
女兒,Nouns
女同性戀,Nouns
女婿,Nouns
女嬰,Nouns
女性,Nouns
女性團體,Nouns
女生,Nouns
女追男,Nouns
奴僕,Nouns
奴才,Nouns
奶,Nouns
奶奶,Nouns
奶媽,Pronouns
奶粉,Adjectives
奸細,Mood Particles
好久,Temporal Words
好久沒有,Temporal Words
好事,Nouns
好人,Nouns
好像,Emphasis Words
好冷,Adjectives
好吃,Adjectives
好吃懶做,Adjectives
好多,Quantifiers
好奇,Adjectives
好市多,Nouns
好強,Adjectives
好心,Adjectives
好意,Adjectives
好感,Adjectives
好熱,Adjectives
好玩,Adjectives
好看,Adjectives
好笑,Adjectives
好色,Nouns
好處,Adjectives
好險,Emphasis Words
如今,Temporal Words
如何,Question Adverbs
如同,Like
如意,Emphasis Words
如果,Conditional Words
如此,Like
如法炮製,Like
如釋重負,Mood Particles
如願,Emphasis Words
妄想,Mood Particles
妒忌,Pronouns
妓女,Nouns
妖怪,Nouns
妙手回春,Adjectives
妙計,Adverbs
妙齡,Nouns
妥協,Nouns
妥善,Pronouns
妨礙,Pronouns
妯娌,Nouns
妹妹,Pronouns
姊妹,Nouns
姊姊,Nouns
姊姊妹妹,Nouns
始終,Temporal Words
姐姐,Nouns
姑丈,Nouns
姑姑,Nouns
姑娘,Nouns
姑息,Adverbs
姑母,Nouns
姓,Nouns
姓名,Nouns
委員,Nouns
姨丈,Nouns
姪兒,Nouns
姪子,Nouns
姿態,Verbs
威脅,Nouns
威風,Nouns
娘家,Nouns
娛樂,Entertainment Words
娟秀,Adjectives
娶,Verbs
娶媳婦,Nouns
娼妓,Nouns
婆婆,Pronouns
婉謝,Nouns
婉轉,Adjectives
婚假,Nouns
婚姻,Nouns
婦女,Nouns
婦女節,Nouns
婦產科,Nouns
媒介,Nouns
媒婆,Nouns
媒體,Nouns
媳婦,Nouns
媽媽,Pronouns
媽祖,Nouns
媽祖廟,Nouns
嫁,Verbs
嫁妝,Nouns
嫁娶,Nouns
嫁禍,Adjectives
嫂嫂,Nouns
嫂子,Pronouns
嫉妒,Adjectives
嫌少,Adjectives
嫌棄,Adjectives
嫦娥,Nouns
嫩嫩的,Adjectives
嬉戲,Verbs
嬌嗔,Adjectives
嬌生慣養,Adjectives
嬌羞,Adjectives
嬰兒,Nouns
嬸嬸,Nouns
子,Nouns
子宮,Nouns
子弟,Nouns
孔,Nouns
孔子,Nouns
孔廟,Nouns
孔雀,Nouns
孕婦,Nouns
字,Nouns
字典,Nouns
字幕,Nouns
字義,Nouns
字音,Nouns
存在,Verbs
存心,Nouns
存戶,Nouns
存檔,Verbs
存款,Nouns
存錢,Verbs
孝敬,Adjectives
孝道,Nouns
孝順,Adjectives
孝養,Nouns
孟,Nouns
孟子,Nouns
季,Temporal Words
季節,Nouns
季軍,Adjectives
孤兒院,Nouns
孤獨,Nouns
孩子,Nouns
孫,Nouns
孫女,Verbs
孫子,Nouns
孵化,Nouns
孵蛋,Nouns
學務處,Temporal Words
學業,Nouns
學生,Nouns
學生事務處,Nouns
學生證,Nouns
學籍,Nouns
學習,Verbs
學習區,Nouns
學習單,Nouns
學藝,Nouns
學費,Nouns
學長,Nouns
宇宙,Nouns
守,Nouns
守信,Nouns
守分,Nouns
守密,Nouns
守時,Nouns
守望相助,Nouns
守舊,Nouns
守衛,Nouns
安全,Nouns
安全島,Nouns
安全帶,Nouns
安全帽,Nouns
安全氣囊,Nouns
安全門,Nouns
安分守己,Adverbs
安卓系統,Nouns
安可,Nouns
安定,Adjectives
安居樂業,Nouns
安康,Adjectives
安心,Adjectives
安慰,Verb
安打,Nouns
安排,Verb
安撫,Verb
安樂,Nouns
安裝,Verb
安靜,Adjectives
宋朝,Nouns
完,Complete
完了,Adjectives
完全,Adjectives
完成,Adjectives
完整,Adjectives
完滿,Adjectives
完畢,Adjectives
完美,Adjectives
完蛋,Emphasis Words
宏偉,Adjectives
宏圖,Nouns
宗教,Nouns
宗族,Nouns
宗旨,Nouns
官,Nouns
官員,Nouns
官能,Nouns
定價,Adjectives
定居,Nouns
定期存款,Nouns
定義,Adjectives
定量,Adjectives
宜蘭,Nouns
客人,Nouns
客家人,Nouns
客廳,Nouns
客氣,Verbs
客觀,Verbs
客運,Verbs
宣佈,Verbs
室,Nouns
宮廷,Nouns
宮殿,Nouns
宰相,Nouns
害怕,Emphasis Words
害我,Pronouns
害羞,Emphasis Words
害群之馬,Nouns
害處,Nouns
害蟲,Nouns
宴會,Nouns
宵夜,Nouns
家,Nouns
家事,Nouns
家人,Nouns
家庭,Nouns
家政,Nouns
家教,Nouns
家族,Nouns
家產,Nouns
家眷,Nouns
容易,Adjectives
容許,Verb
容貌,Nouns
宿舍,Nouns
寂寞,Adjectives
寄人籬下,Nouns
寄信,Verb
寄生蟲,Nouns
寄託,Verb
密碼,Nouns
富強,Nouns
富有,Adjectives
富裕,Adjectives
富貴,Adjectives
富足,Nouns
富麗堂皇,Temporal Words
寒假,Adjectives
寒冷,Nouns
寒暄,Adjectives
寒流,Nouns
寓言,Nouns
察看,Verb
察言觀色,Nouns
實事求是,Adverbs
實在,Pronouns
實況,Nouns
實現,Verbs
實習,Nouns
實行,Verbs
實話,Nouns
實話實說,Expressions
實際,Nouns
寧可,Mood Particles
寧靜,Adjectives
審判,Adjectives
審問,Verbs
審查,Verbs
寫,Verbs
寫作,Adjectives
寫單據,Adjectives
寫字,Adjectives
寫生,Adjectives
寫真,Nouns
寬窄,Adjectives
寬裕,Adjectives
寵兒,Nouns
寵愛,Nouns
寶刀,Nouns
寶劍,Nouns
寶寶,Nouns
寶座,Nouns
寶物,Nouns
寶石,Nouns
寶藏,Nouns
寶貝,Nouns
寶貴,Adjectives
寸土,Adjectives
寸草,Adjectives
寸鐵,Nouns
寺廟,Nouns
寺院,Nouns
封建,Nouns
封條,Nouns
封殺,Causal Conjunctions
封鎖,Verbs
射箭,Verbs
將來,Temporal Words
將來的最近,Temporal Words
將兵,Nouns
將士,Nouns
將要,Adverbs
將近,Adverbs
專,Nouns
專任,Nouns
專利,Nouns
專制,Nouns
專員,Nouns
專家,Adverbs
專心,Nouns
專案,Nouns
專業,Adverbs
專款,Nouns
專注,Nouns
專長,Nouns
專題,Nouns
尊重,Nouns
尋找,Verbs
尋花問柳,Nouns
尋覓,Verbs
對,Pronouns
對不對,Question Pronouns
對不起,Emphasis Words
對付,Verbs
對待,Verbs
對手,Nouns
對抗,Verbs
對換,Nouns
對方,Pronouns
對於,Nouns
對照,Nouns
對稱,Nouns
對立,Nouns
對策,Nouns
對聯,Nouns
對話,Nouns
對講機,Pronouns
對象,Nouns
導播,Nouns
導演,Nouns
導火線,Nouns
導致,Verbs
導遊,Nouns
小,Adjectives
小一,Nouns
小丑,Nouns
小人偶,Nouns
小便,Nouns
小偷,Nouns
小兒科,Nouns
小兒麻痺,Nouns
小六,Nouns
小姐,Nouns
小孩,Nouns
小學,Nouns
小學一年級,Nouns
小學六年級,Nouns
小學畢業,Nouns
小寶寶,Adjectives
小幫手,Nouns
小康,Adjectives
小提琴,Nouns
小時,Temporal Words
小朋友,Nouns
小毯子,Nouns
小氣,Adjectives
小班,Nouns
小碗,Nouns
小籠包,Nouns
小組,Nouns
小老師,Nouns
小說,Nouns
小販,Nouns
小費,Nouns
少,Quantifiers
少一個,Quantifiers
少囉唆,Emphasis Words
少女,Nouns
少奶奶,Nouns
少將,Nouns
少年,Nouns
少校,Nouns
少爺,Adjectives
少量,Nouns
尖端,Adjectives
尖銳,Adjectives
尚且,Quantifiers
尚未,Quantifiers
尤其,Adverbs
就,Coordinating Conjunctions
就任,Verbs
就學,Verbs
就寢,Verbs
就是嘛,Emphasis Words
就業,Verbs
就職,Verbs
就醫,Verbs
尷尬,Adjectives
尺,Nouns
尺寸,Nouns
尺碼,Nouns
尼姑,Nouns
尼龍,Nouns
尾巴,Nouns
尿布,Nouns
局勢,Nouns
局部,Nouns
屁股,Nouns
居住,Verbs
居然,Adverbs
居留,Verbs
屈打成招,Verb Phrases
屈服,Adjectives
屈臣氏,Nouns
屋子,Nouns
屋樑,Nouns
屋簷,Nouns
屋頂,Nouns
屍首,Nouns
屍體,Nouns
屏東,Verb Phrases
屏障,Verbs
屏風,Verbs
展望,Nouns
展現,Nouns
展示,Nouns
展覽,Nouns
展開,Nouns
屢次,Frequency Words
屢見不鮮,Frequency Words
層出不窮,Frequency Words
層次,Nouns
層級,Nouns
層面,Nouns
履歷表,Nouns
履約,Nouns
履行,Nouns
屬下,Nouns
屬地,Nouns
屬於,Pronouns
屬於他,Pronouns
屬於你,Pronouns
屬於她,Pronouns
屬於我,Nouns
屯墾,Nouns
屯積,Nouns
山,Nouns
山坡,Nouns
山峰,Nouns
山川,Nouns
山洞,Nouns
山羊,Nouns
山谷,Nouns
山麓,Nouns
岔路,Nouns
岩漿,Nouns
岩石,Nouns
岩鹽,Nouns
岳母,Nouns
岳父,Nouns
峭壁,Nouns
島,Nouns
島國,Nouns
島嶼,Nouns
峻嶺,Nouns
峽谷,Nouns
崇尚,Nouns
崇拜,Verbs
崎嶇,Verbs
崗位,Adjectives
崩潰,Nouns
嶄新,Nouns
川,Nouns
州,Nouns
巡視,Verbs
巡迴,Verbs
巢穴,Nouns
工,Nouns
工作,Nouns
工具,Nouns
工友,Nouns
工夫,Nouns
工學院,Nouns
工廠,Nouns
工業,Nouns
工程師,Nouns
工藝,Nouns
工資,Nouns
左,Adverbs
左右,Nouns
左邊,Nouns
巧克力,Nouns
巧合,Nouns
巧妙,Nouns
巨人,Nouns
巫婆,Nouns
巫醫,Nouns
差不多,Adverbs
差事,Nouns
差別,Nouns
差勁,Adjectives
差旅費,Nouns
差異,Nouns
差距,Nouns
差錯,Nouns
己任,Nouns
已往,Temporal Words
已經,Adverbs
巴士,Nouns
巴結,Nouns
巴黎,Nouns
巷,Nouns
巷子,Nouns
市,Nouns
市價,Nouns
市政,Nouns
市政府,Nouns
市民,Nouns
市長,Nouns
布施,Nouns
布置,Nouns
布袋戲,Nouns
帆船,Nouns
希奇,Adjectives
希望,Nouns
希罕,Adjectives
希臘,Nouns
帝君,Nouns
帝國,Nouns
帝王,Nouns
帥,Adjectives
帥哥,Nouns
帥氣,Adjectives
師傅,Nouns
師兄,Nouns
師大,Nouns
師母,Nouns
師父,Nouns
師生,Nouns
師範,Nouns
師資,Nouns
師長,Nouns
帳單,Nouns
帳戶,Nouns
帳目,Nouns
帳簿,Nouns
帶,Verbs
帶動,Verbs
帶原者,Nouns
帶回家,Verbs
帶領,Verbs
常常,Frequency Words
常態,Nouns
常理,Nouns
常規,Nouns
常識,Nouns
帽子,Nouns
幅員,Nouns
幅度,Nouns
幕僚,Nouns
幕後,Nouns
幣值,Nouns
幣制,Helping Verbs
幫,Nouns
幫兇,Helping Verbs
幫助,Verbs
幫忙,Helping Verbs
幫我,Pronouns
幫手,Nouns
干,Adverbs
干戈,Nouns
干擾,Nouns
干涉,Nouns
平交道,Nouns
平信,Nouns
平凡,Adjectives
平分秋色,Idioms
平原,Nouns
平地,Nouns
平均,Adjectives
平坦,Adjectives
平安,Nouns
平安險,Nouns
平常,Nouns
平手,Adjectives
平日,Nouns
平時,Adjectives
平板,Nouns
平板電腦,Adverbs
平民,Nouns
平衡,Nouns
平輩,Pronouns
平靜,Adjectives
年,Temporal Words
年夜飯,Nouns
年尾,Temporal Words
年幼,Adjectives
年糕,Nouns
年紀,Nouns
年級,Nouns
年老,Adjectives
年貨,Nouns
年資,Nouns
年輕,Adjectives
年輕力壯,Adjectives
年邁,Temporal Words
年長,Adjectives
年關,Mood Particles
年限,Mood Particles
年齡,Mood Particles
幸好,Mood Particles
幹事,Nouns
幹勁,Nouns
幹道,Nouns
幹部,Nouns
幼稚,Adjectives
幼稚園,Nouns
幽暗,Adjectives
幽會,Nouns
幽谷,Adjectives
幽靜,Adjectives
幽默,Nouns
幾,Quantifiers
幾何,Quantifiers
幾個,Quantifiers
幾個星期?,Quantifiers
幾個星期前,Quantifiers
幾個星期後,Temporal Words
幾個月,Temporal Words
幾個禮拜前,Temporal Words
幾個禮拜後,Quantifiers
幾元?,Quantifiers
幾分?,Quantifiers
幾分鐘?,Quantifiers
幾天,Temporal Words
幾小時,Temporal Words
幾年,Scope Words
幾星期?,Scope Words
幾時,Temporal Words
幾月,Temporal Words
幾月幾日,Scope Words
幾次,Frequency Words
幾歲,Quantifiers
幾秒?,Quantifiers
幾秒鐘?,Quantifiers
幾號,Quantifiers
幾許,Temporal Words
幾週前,Temporal Words
幾週後,Temporal Words
幾點,Nouns
幾點?,Nouns
床,Nouns
床位,Nouns
床單,Nouns
床罩,Nouns
底細,Nouns
底薪,Nouns
底限,Nouns
店員,Nouns
店家,Nouns
店鋪,Nouns
府城,Nouns
度假,Nouns
度數,Nouns
度日,Nouns
度量衡,Nouns
座位,Nouns
座右銘,Nouns
座次表,Nouns
庫存,Nouns
庫房,Nouns
庫藏,Nouns
庭園,Nouns
庭訓,Nouns
庭院,Nouns
庸俗,Adjectives
庸才,Pronouns
庸醫,Pronouns
廁所,Nouns
廂房,Nouns
廉價,Adjectives
廉售,Mood Particles
廉恥,Adjectives
廉明,Adjectives
廉潔,Adjectives
廉讓,Adjectives
廚具,Nouns
廚師,Nouns
廚房,Nouns
廚房阿姨,Nouns
廚餘桶,Nouns
廟,Nouns
廟宇,Nouns
廠商,Nouns
廠房,Temporal Words
廢墟,Adjectives
廢寢忘食,Verbs
廢棄,Nouns
廢票,Nouns
廢話,Nouns
廢除,Verbs
廣,Adjectives
廣告,Nouns
廣場,Nouns
廣度,Adjectives
廣播,Nouns
廣泛,Adjectives
廣結善緣,Nouns
廣闊,Nouns
廬山真面目,Adverbs
延伸,Adverbs
延宕,Adverbs
延後,Adverbs
延期,Adverbs
延聘,Adverbs
延誤,Verbs
延遲,Verbs
建交,Nouns
建立,Verbs
建築,Nouns
建設,Verbs
建議,Nouns
弄璋,Nouns
弄瓦,Nouns
弊病,Nouns
弊端,Nouns
式,Nouns
式樣,Nouns
弓箭,Nouns
引力,Nouns
引導,Verbs
引擎,Verbs
引狼入室,Nouns
引用,Verbs
引經據典,Verbs
引見,Nouns
引言人,Nouns
引誘,Nouns
引起,Nouns
弘量,Nouns
弘願,Nouns
弟兄,Nouns
弟妹,Adjectives
弱不禁風,Adjectives
弱勢,Nouns
弱小,Adjectives
弱點,Nouns
張,Pronouns
張牙舞爪,Adjectives
張貼,Verb
強,Adjectives
強力膠,Nouns
強勁,Adjectives
強勢,Nouns
強化,Adjectives
強占,Nouns
強壯,Adjectives
強姦,Nouns
強度,Adjectives
強暴,Nouns
強求,Adjectives
強烈,Nouns
強盛,Adjectives
強盜,Verb
強記,Adjectives
強詞奪理,Verb
彈力,Nouns
彈吉他,Verbs
彈性,Nouns
彈珠軌道,Nouns
彈琴,Verbs
彈盡援絕,Nouns
彈簧,Nouns
彌勒佛,Nouns
彌封,Nouns
彌漫,Nouns
彌補,Nouns
彎曲,Adjectives
彎路,Nouns
彙編,Nouns
形勢,Verbs
形容,Nouns
形式,Nouns
形影不離,Adjectives
形態,Nouns
形狀,Nouns
形象,Nouns
彩券,Nouns
彩排,Nouns
彩虹,Nouns
彩霞,Nouns
彰化,Nouns
彰顯,Verbs
影印,Verbs
影子,Nouns
影片,Nouns
影迷,Nouns
影音網站,Nouns
影響,Verbs
彷彿,Adverbs
役男,Adverbs
彼此,Nouns
往事,Nouns
往來,Temporal Words
往前,Temporal Words
往生,Temporal Words
往返,Verbs
征伐,Verbs
征服,Nouns
待遇,Nouns
徇私,Adverbs
律動,Nouns
律師,Nouns
後代,Nouns
後來,Temporal Words
後天,Temporal Words
後悔,Temporal Words
後果,Nouns
後母,Nouns
後裔,Nouns
後遺症,Nouns
後面,Nouns
徐娘半老,Adverbs
徐徐生風,Adverbs
徒刑,Nouns
徒弟,Nouns
徒步,Nouns
得到,Verbs
得失,Nouns
得寵,Adjectives
得意,Adjectives
得標,Adjectives
得當,Adjectives
得罪,Adjectives
得體,Adjectives
徘徊,Adjectives
徜徉,Temporal Words
從來,Scope Words
從來沒有,Temporal Words
從前,Temporal Words
從早到晚,Quantifiers
從未,Scope Words
從軍,Nouns
復仇,Adjectives
復健,Adjectives
復原,Adjectives
復活,Verbs
復習,Verbs
復職,Verbs
復興,Verbs
循循善誘,Adverbs
循環,Temporal Words
循規蹈矩,Adjectives
徬徨,Emphasis Words
微妙,Nouns
微小,Emotion Particles
微弱,Adjectives
微波爐,Adjectives
微笑,Nouns
微薄,Nouns
微血管,Nouns
徵信,Nouns
徵兵,Nouns
徵收,Nouns
徵求,Nouns
徵稅,Nouns
德國,Nouns
德國麻疹,Nouns
德性,Nouns
德政,Nouns
德行,Nouns
徽章,Nouns
心,Nouns
心事,Nouns
心動,Nouns
心型,Nouns
心寒,Nouns
心寬,Nouns
心得,Nouns
心心相印,Nouns
心情,Nouns
心慌,Nouns
心機,Nouns
心理學系,Nouns
心理系,Nouns
心碎,Adjectives
心細,Adjectives
心結,Nouns
心臟,Nouns
心血來潮,Mood Particles
心跳,Adjectives
心酸,Adjectives
心電圖,Nouns
心靈,Nouns
心領,Emphasis Words
心願,Quantifiers
必定,Nouns
必恭必敬,Nouns
必要,Nouns
忌妒,Adjectives
忍不住,Mood Particles
忍受,Adjectives
忍氣吞聲,Emphasis Words
忍耐,Adjectives
忍讓,Nouns
志向,Nouns
志氣,Nouns
志願,Nouns
忘,Adjectives
忘記,Verbs
忙,Adjectives
忙得不可開交,Adjectives
忙碌,Nouns
忙裡偷閒,Nouns
忠,Nouns
忠勇,Nouns
忠厚,Nouns
忠告,Nouns
忠孝,Nouns
忠心耿耿,Nouns
忠恕,Adjectives
忠誠,Nouns
快,Nouns
快好了,Nouns
快感,Nouns
快捷巴士,Nouns
快樂,Nouns
忽然,Adverbs
忿怒,Emotion Particles
怎樣,Question Adverbs
怎麼,Question Adverbs
怎麼了,Question Adverbs
怎麼會,Question Adverbs
怎麼樣,Question Adverbs
怎麼辦,Question Adverbs
怒火,Emotion Particles
怒髮衝冠,Emotion Particles
怕,Emotion Particles
怕羞,Nouns
思念,Nouns
思想,Nouns
思考,Nouns
思量,Adjectives
怠惰,Adjectives
怠慢,Adjectives
急,Adjectives
急促,Adjectives
急忙,Nouns
性別,Nouns
性向,Nouns
性命,Nouns
性格,Nouns
性質,Nouns
性騷擾,Nouns
怨偶,Nouns
怨天尤人,Nouns
怨恨,Nouns
怨言,Nouns
怪模怪樣,Adjectives
怪異,Adjectives
怪癖,Adjectives
怯弱,Adjectives
怯懦,Nouns
恆心,Adjectives
恆星,Nouns
恆產,Nouns
恍惚,Adjectives
恍然大悟,Adjectives
恐嚇,Nouns
恐怕,Nouns
恐怖,Nouns
恐慌,Adjectives
恐懼,Adjectives
恐龍,Nouns
恕罪,Mood Particles
恢復,Verbs
恥辱,Nouns
恨,Adjectives
恨之入骨,Idioms
恩威並用,Idioms
恩寵,Nouns
恩德,Nouns
恩怨,Nouns
恩惠,Nouns
恩愛,Nouns
恭喜,Nouns
恭敬,Emphasis Words
息怒,Idioms
息息相關,Nouns
息肉,Adverbs
恰好,Adverbs
恰巧,Idioms
恰當,Idioms
悔恨,Idioms
悔悟,Idioms
悔改,Nouns
患得患失,Emotions
患病,Nouns
患者,Nouns
悲傷,Emotions
悲劇,Nouns
悲哀,Emotions
悲喜交集,Nouns
悲慘,Emotions
悲痛,Emotions
悲觀,Emotions
悶,Emotions
悶熱,Actions
悼念,Emotions
悽慘,Emotions
情人節,Nouns
情形,Nouns
情感,Nouns
情景,Emotions
情書,Emotions
情況,Emotions
情緒,Emotions
惜別,Nouns
惜福,Nouns
惠存,Emphasis Words
惠顧,Nouns
惡作劇,Nouns
惡劣,Adjectives
惡化,Adjectives
惡意,Adjectives
惡毒,Adjectives
惡習,Nouns
惡臭,Adjectives
惡行,Nouns
惡霸,Nouns
惡魔,Nouns
惦記,Adverbs
惰性,Nouns
想,Verbs
想不起來,Adverbs
想不開,Verbs
想像,Adverbs
想出來,Verbs
想到,Verbs
想回家,Nouns
想念,Nouns
想法,Nouns
想睡覺,Verbs
惹禍,Nouns
愁悶,Nouns
愁眉苦臉,Nouns
愈,Quantifiers
愉快,Adjectives
意志,Nouns
意念,Nouns
意思,Nouns
意義,Nouns
意見,Nouns
意願,Verbs
愚弄,Adjectives
愚昧,Nouns
愚笨,Adjectives
愛,Nouns
愛情,Adjectives
愛惜,Nouns
愛慕,Adjectives
愛滋病,Nouns
感受,Adjectives
感恩,Adjectives
感情,Adjectives
感想,Nouns
感應,Nouns
感染,Nouns
感覺,Nouns
感觸,Nouns
感謝,Verbs
慈善,Nouns
慈悲,Adjectives
慈愛,Adjectives
慈祥,Adjectives
態度,Adjectives
慌亂,Adjectives
慌張,Adjectives
慎重,Adjectives
慘不忍睹,Adjectives
慢跑,Adverbs
慣例,Nouns
慧根,Nouns
慫恿,Nouns
慰勞,Nouns
慰問,Nouns
慶典,Nouns
慶生,Nouns
慶祝,Nouns
慷慨,Adjectives
慾念,Nouns
慾望,Nouns
憂傷,Adjectives
憂悶,Adjectives
憂愁,Adjectives
憂慮,Nouns
憂鬱症,Adjectives
憋氣,Nouns
憐惜,Nouns
憐愛,Adjectives
憐憫,Nouns
憑藉,Emotion Particles
憨厚,Adjectives
憲法,Nouns
懂,Verbs
懂事,Adjectives
懇切,Adjectives
懇求,Nouns
懈怠,Adjectives
應付,Verbs
應屆,Nouns
應徵,Verbs
應用,Nouns
應當,Verbs
應聘,Verbs
應該,Adjectives
應驗,Nouns
懊悔,Nouns
懦弱,Adjectives
懲戒,Nouns
懲罰,Mood Particles
懶惰,Adjectives
懷孕,Causal Conjunctions
懷念,Nouns
懷抱,Nouns
懷疑,Nouns
懸崖,Question Adverbs
懸崖勒馬,Nouns
懸掛,Nouns
懸空,Nouns
懺悔,Verbs
戀愛,Nouns
成,Quantifiers
成人,Nouns
成人繼續教育學系,Nouns
成全,Verbs
成功,Nouns
成功大學,Nouns
成名,Verbs
成大,Nouns
成就,Nouns
成教系,Nouns
成果,Nouns
成熟,Nouns
成立,Verbs
成績,Nouns
成績單,Pronouns
成親,Pronouns
我們兩個,Pronouns
我沒有,Negation
我的,Possessive Pronouns
我行我素,Emphasis Words
戒備,Nouns
戒心,Nouns
戒指,Nouns
戒煙,Nouns
戒賭,Nouns
戒酒,Nouns
或,Nouns
或然率,Coordinating Conjunctions
或者,Causal Conjunctions
戡亂,Nouns
截然不同,Adjectives
截肢,Nouns
戰戰兢兢,Nouns
戰爭,Nouns
戰車,Nouns
戰鬥,Nouns
戲劇,Verb
戲弄,Nouns
戲院,Nouns
戳記,Nouns
戴紅帽,Nouns
戴香包,Nouns
戶,Nouns
戶口名簿,Nouns
戶籍,Nouns
房子,Nouns
房子倒塌,Verbs
房屋,Nouns
房租,Nouns
房間,Nouns
所以,Coordinating Conjunctions
所得稅,Nouns
所有,Quantifiers
所有權狀,Nouns
所謂,Nouns
扁桃腺,Nouns
扇子,Nouns
手,Nouns
手冊,Nouns
手套,Adverbs
手帕,Nouns
手忙腳亂,Nouns
手機,Nouns
手淫,Nouns
手續,Nouns
手續費,Nouns
手術,Nouns
手語,Nouns
手語名字,Nouns
手語課,Nouns
手足,Nouns
手錶,Nouns
手鍊,Nouns
手電筒,Nouns
才,Temporal Words
才幹,Nouns
才情,Nouns
才智,Nouns
才能,Nouns
才華,Nouns
才貌雙全,Nouns
扎手,Adjectives
扎眼,Adjectives
扒手,Nouns
打,Verbs
打仗,Verbs
打動,Verbs
打卡,Verbs
打哈欠,Verbs
打噴嚏,Verbs
打天下,Verbs
打字,Verbs
打官司,Verbs
打小報告,Verbs
打岔,Verbs
打工,Verbs
打我,Pronouns
打手語,Verbs
打折扣,Verbs
打抱不平,Verbs
打掃,Verbs
打撈,Verbs
打擊,Verbs
打擊率,Verbs
打擾,Verbs
打敗,Verbs
打架,Nouns
打毛線,Verbs
打氣,Verbs
打牌,Verbs
打獵,Verbs
打盹,Verbs
打破,Verbs
打算,Verbs
打群架,Verbs
打翻水,Verbs
打聽,Verbs
打胎,Verbs
打賭,Verbs
打通,Verbs
打量,Verbs
打針,Verbs
打開,Verbs
打開水壺,Verbs
打雷,Verbs
打電話,Verbs
打麻將,Verbs
打點滴,Verbs
扔掉,Nouns
托兒所,Nouns
托福,Nouns
托福測驗,Nouns
托運,Verbs
扣,Verbs
扣子,Verbs
扣留,Verbs
扭傷,Verbs
扭打,Verbs
扭扣,Verbs
扮,Verbs
扮家家酒,Nouns
扮演,Verbs
扮鬼臉,Verbs
扯後腿,Verbs
扯謊,Verbs
扶助,Nouns
扶手,Nouns
扶扶手,Verbs
扶持,Verbs
扶養,Verbs
批准,Verbs
批改,Verbs
批發,Verbs
批評,Verbs
批閱,Verbs
找,Verbs
承接,Verbs
承擔,Verbs
承認,Verbs
承諾,Verbs
技巧,Nouns
技能,Nouns
技術,Nouns
抄,Verbs
抄寫,Verbs
抄襲,Verbs
抉擇,Verbs
把,Verbs
把持,Verbs
把握,Verbs
把握時間,Verbs
把柄,Verbs
把關,Verbs
投影機,Nouns
投案,Verbs
投標,Verbs
投球,Verbs
投票,Verbs
投票所,Nouns
投緣,Nouns
投考,Verbs
投誠,Verbs
投資,Nouns
投降,Verbs
投靠,Verbs
抗告,Verbs
抗戰,Verbs
抗拒,Verbs
抗暴,Nouns
抗爭,Nouns
抗生素,Nouns
抗癌,Verbs
抗藥性,Verbs
抗議,Nouns
抗辯,Verbs
抗體,Nouns
折價,Nouns
折斷,Adjectives
折疊,Verbs
折磨,Verbs
折衷,Verbs
披薩,Nouns
抬價,Verbs
抬槓,Nouns
抬頭,Verbs
抱,Verbs
抱怨,Nouns
抱抱,Mood Particles
抱歉,Verbs
抱負,Nouns
抵制,Verbs
抵抗,Nouns
抵押品,Nouns
抵押權,Verbs
抵擋,Verbs
抵罪,Verbs
抵觸,Verbs
抵銷,Nouns
抹布,Nouns
抹片,Nouns
抹香鯨,Verbs
押租,Verbs
押解,Verbs
押金,Nouns
抽,Verbs
抽屜,Nouns
抽查,Verbs
抽樣調查,Nouns
抽煙,Verbs
抽牌,Verbs
抽獎,Verbs
抽筋,Verbs
抽籤,Verbs
抽絲剝繭,Verbs
抽考,Verbs
抽象,Nouns
拆伙,Verbs
拆卸,Verbs
拆帳,Verbs
拆散,Verbs
拆臺,Verbs
拆除,Verbs
拈花惹草,Verbs
拉鍊,Nouns
拉高,Verbs
拉麵,Nouns
拋售,Verbs
拋棄,Verbs
拋錨,Verbs
拋頭露面,Verbs
拍手,Verbs
拍攝,Verbs
拍案叫絕,Nouns
拍照,Verbs
拍畢業照,Verbs
拍賣,Verbs
拍馬屁,Verbs
拐騙,Verbs
拒捕,Verbs
拒收,Verbs
拒絕,Verbs
拒絕往來戶,Nouns
拒買,Verbs
拓印,Nouns
拓殖,Verbs
拓荒,Nouns
拔刀相助,Verbs
拔河,Nouns
拔牙,Verbs
拖吊,Verbs
拖地,Verbs
拖延,Verbs
拖欠,Verbs
拖累,Verbs
拖鞋,Nouns
拘役,Verbs
拘押,Verbs
拘捕,Verbs
拘提,Verbs
拘束,Nouns
拘留所,Nouns
拘票,Adjectives
拙劣,Adjectives
拙見,Adverbs
拚命,Verbs
招供,Verbs
招募,Verbs
招待,Verbs
招怨,Verbs
招認,Verbs
拜壽,Verbs
拜年,Verbs
拜拜,Mood Particles
拜票,Verbs
拜託,Verbs
拜訪,Verbs
拭淚,Verbs
拮据,Adjectives
拯救,Verbs
拳擊,Verbs
拳術,Nouns
拳頭,Nouns
拷問,Nouns
拷打,Verbs
拷貝,Verbs
拼命,Verbs
拼圖,Pronouns
拼湊,Verbs
拾金不昧,Verbs
拿,Verbs
拿手,Verbs
拿錯,Verbs
持之以恒,Adverbs
持分,Nouns
持續,Adverbs
指使,Verbs
指定,Verbs
指引,Verbs
指控,Verbs
指教,Verbs
指桑罵槐,Idioms
指標,Nouns
指派,Verbs
指甲,Nouns
指甲貼紙,Verbs
指責,Verbs
按件計酬,Verbs
按摩,Idioms
按照,Verbs
按鈴申告,Verbs
挑,Verbs
挑剔,Verbs
挑戰,Verbs
挑選,Verbs
挑釁,Verbs
挑食,Verbs
挖,Verbs
挖土機,Nouns
挖苦,Verbs
挨揍,Verbs
挨罵,Verbs
挪用,Verbs
挫折,Adjectives
挫敗,Adjectives
振作,Verbs
振撼,Verbs
振興,Verbs
挺身,Verbs
挽救,Verbs
挾帶,Verbs
挾持,Verbs
捆綁,Verbs
捉,Verbs
捉弄,Verbs
捉拿,Verbs
捉迷藏,Nouns
捍衛,Verbs
捏告,Verbs
捏造,Verbs
捐助,Verbs
捐軀,Verbs
捕手,Nouns
捕捉,Verbs
捕獲,Verbs
捧場,Verbs
捨己為人,Emphasis Words
捨棄,Mood Particles
捨生取義,Verbs
捫心自問,Verbs
捲,Verbs
捲逃,Verbs
捲鋪蓋,Verbs
捷報,Nouns
捷徑,Nouns
捷運,Verbs
掀開,Nouns
掃地,Mood Particles
掃把,Verbs
掃描,Nouns
授權,Verbs
授課,Verbs
掉以輕心,Adverbs
掉換,Verbs
掌握,Verbs
掌權,Verbs
掌管,Verbs
掌聲鼓勵,Nouns
排卵期,Verbs
排後面,Verbs
排斥,Adjectives
排球,Nouns
排行,Nouns
排行第幾,QuestionWords
排行老三,Nouns
排行老么,Nouns
排行老二,Nouns
排行老大,Nouns
排隊,Nouns
掙扎,Verbs
掙脫,Verbs
掛,Verbs
掛帳,Verbs
掛菖蒲,Nouns
掛鉤,Nouns
掠奪,Verbs
採取,Verbs
採水果,Nouns
採納,Verbs
採訪,Verbs
採購,Verbs
探測,Verbs
探測針,Nouns
探監,Verbs
探究,Verbs
探索,Verbs
探視,Verbs
探討,Verbs
接力賽跑,Verbs
接受,Verbs
接吻,Nouns
接應,Verbs
接收,Verbs
接洽,Verbs
接納,Verbs
接觸,Verbs
接送,Verbs
控制,Verbs
控訴,Verbs
推,Verbs
推卸,Verbs
推己及人,Verbs
推廣,Verbs
推我,Verbs
推理,Verbs
推算,Verbs
推託,Verbs
推諉,Verbs
推辭,Verbs
推鉛球,Verbs
推銷,Verbs
掩蓋,Verbs
掩護,Nouns
措手不及,Verbs
措施,Verbs
掮客,Adverbs
揍人,Nouns
描寫,Verbs
提,Verbs
提供,Verbs
提出,Verbs
提拔,Verbs
提款,Verbs
提款機,Nouns
提燈,Nouns
提議,Verbs
提醒,Verbs
提防,Verbs
插嘴,Verbs
插座,Nouns
插手,Verbs
插畫者,Nouns
插隊,Nouns
插頭,Verbs
揚名,Verbs
換,Verbs
換取,Verbs
換季,Verbs
換算,Verbs
換衣服,Verbs
握手,Nouns
握權,Verbs
揩油,Nouns
揭發,Verbs
揭開,Verbs
揹書包,Verbs
損壞,Nouns
損失,Nouns
損耗,Nouns
搏鬥,Verbs
搓,Verbs
搔擾,Verbs
搔癢,Verbs
搔首弄姿,Nouns
搖動,Verbs
搖搖馬,Nouns
搖滾樂,Nouns
搖錢樹,Nouns
搖頭丸,Verbs
搗亂,Verbs
搜括,Verbs
搜捕,Verbs
搜索,Verbs
搜集,Emphasis Words
搞錯,Verbs
搞錯了,Nouns
搥打,Verbs
搬家,Verbs
搬弄是非,Verbs
搭伙,Verbs
搭檔,Nouns
搭訕,Nouns
搭車,Verbs
搭配,Verbs
搶,Verbs
搶先,Verbs
搶奪,Verbs
搶案,Nouns
搶眼,Adjectives
搾取,Verbs
摒棄,Verbs
摔倒,Nouns
摘要,Nouns
摘錄,Nouns
摧毀,Nouns
摩天大樓,Nouns
摩天輪,Verbs
撇清,Verbs
撇開,Verbs
撐竿跳,Nouns
撐腰,Verbs
撒嬌,Verbs
撒謊,Verbs
撕掉日曆,Verbs
撕破,Verbs
撞,Verbs
撞期,Verbs
撞球,Verbs
撞見,Verbs
撤回,Verbs
撤職,Verbs
撤銷,Verbs
撩亂,Nouns
撫育,Verbs
播弄,Nouns
播放帶,Verbs
播種,Nouns
撮合,Verbs
撲克牌,Nouns
撲滅,Verbs
撲滿,Nouns
撲空,Verbs
撿,Verbs
撿便宜,Verbs
擁塞,Adjectives
擁抱,Verbs
擁擠,Adjectives
擁護,Verbs
擄人勒贖,Verbs
擅自,Adjectives
擅長,Verbs
擇善固執,Verbs
擇期,Adverbs
擊倒,Verbs
擊敗,Verbs
擋,Verbs
擋住,Verbs
操之過急,Nouns
操作,Verbs
操場,Nouns
操守,Nouns
操縱,Verbs
擒拿,Nouns
擔仔麵,Verbs
擔擱,Verbs
據理力爭,Verbs
據說,Question Pronouns
擠,Verbs
擠兌,Verbs
擢升,Verbs
擢用,Verbs
擦,Verbs
擦手紙,Verbs
擦拭,Verbs
擦槍走火,Adverbs
擦藥,Verbs
擬人化,Verbs
擬定,Verbs
擬稿,Verbs
擯棄,Verbs
擰,Verbs
擱淺,Verbs
擲還,Verbs
擲鉛球,Verbs
擲骰子,Verbs
擴大,Verbs
擴展,Verbs
擴張,Verbs
擴編,Verbs
擴音器,Nouns
擺布,Verbs
擺脫,Verbs
擺闊,Verbs
擾亂,Verbs
攀折,Verbs
攀爬架,Nouns
攀附,Verbs
攔劫,Verbs
攔截,Verbs
攔水壩,Nouns
攔砂壩,Verbs
攙雜,Nouns
攜帶,Nouns
攜手,Verbs
攜眷,Nouns
攝影,Verbs
攝影機,Nouns
攝政,Verbs
攫取,Verbs
攬權,Verbs
支出,Nouns
支持,Verbs
支援,Verbs
支流,Nouns
支票,Nouns
支配,Verbs
收信,Verbs
收到,Verbs
收割,Verbs
收執聯,Nouns
收容,Verbs
收山,Verbs
收心,Verbs
收押,Nouns
收拾,Nouns
收據,Verbs
收支,Nouns
收斂,Verbs
收益,Nouns
收盤,Nouns
收視率,Nouns
收集,Verbs
收驚,Verbs
攸關,Adjectives
改,Verbs
改判,Verbs
改制,Verbs
改編,Verbs
改行,Verbs
改觀,Verbs
改邪歸正,Verbs
改革,Verbs
攻佔,Verbs
攻勢,Verbs
攻堅,Verbs
攻擊,Verbs
放,Verbs
放任,Verbs
放假,Verbs
放大,Mood Particles
放棄,Verbs
放款,Verbs
放水,Verbs
放砲,Verbs
放肆,Verbs
放話,Verbs
放進去,Verbs
放音樂,Verbs
放鴿子,Verbs
政,Nouns
政令,Nouns
政局,Nouns
政府,Nouns
政敵,Nouns
政權,Nouns
政治,Nouns
政治學系,Nouns
政策,Nouns
政綱,Nouns
政黨,Nouns
故事,Nouns
故宮博物院,Nouns
故意,Nouns
故障,Nouns
效應,Adjectives
效果,Adjectives
效法,Verbs
效能,Adjectives
敏感,Adjectives
敏捷,Adjectives
敏銳,Verbs
救,Verbs
救急,Nouns
救援,Verbs
救濟,Nouns
救護車,Nouns
敖遊,Nouns
敗家子,Nouns
敗血病,Verbs
敗訴,Nouns
敗類,Verbs
敘薪（銓薪）,Nouns
敘述（陳述、說明）,Verbs
教,Nouns
教師節,Nouns
教徒,Nouns
教授,Nouns
教條,Nouns
教育,Nouns
教育學院,Nouns
教誨,Nouns
敞篷車,Nouns
敞開,Nouns
敢,Emphasis Words
敢作敢當,Adverbs
散光,Adverbs
散播,Adverbs
散會,Adverbs
散步,Adjectives
散漫,Nouns
敦厚,Adjectives
敦煌,Nouns
敬仰,Adjectives
敬佩,Nouns
敬啟,Nouns
敬奉,Nouns
敲竹槓,Nouns
敲詐,Nouns
敲門,Nouns
整合,Nouns
整夜,Temporal Words
整天,Temporal Words
整晚,Temporal Words
整治,Verbs
整理,Verbs
整頓,Verbs
整體,Nouns
敵人,Nouns
敵情,Nouns
敷衍了事,Mood Particles
數學,Nouns
數學課,Nouns
斂財,Verbs
斃命,Nouns
文,Nouns
文化,Nouns
文化中心,Nouns
文化大革命,Nouns
文化遺產,Nouns
文學,Nouns
文明病,Nouns
文書處理,Nouns
文法,Nouns
文獻,Nouns
文盲,Nouns
文藝,Nouns
文藝復興,Nouns
文雅,Adjectives
斑紋,Nouns
斑馬,Nouns
斑馬線,Nouns
斑點,Nouns
斗笠,Adjectives
斗篷,Nouns
料想不到,Nouns
斜坡,Mood Particles
斜度,Nouns
斜視,Verbs
斟酌,Verbs
斥責,Verbs
斥退,Verbs
斬獲,Adjectives
斬首,Nouns
新奇,Adjectives
新年,Nouns
新年快樂,Nouns
新潮,Adjectives
新穎,Adjectives
新竹,Nouns
新聞,Nouns
新聞自由,Nouns
斷定,Verbs
斷斷續續,Adverbs
斷炊,Verbs
斷送,Verbs
斷魂,Verbs
方,Verbs
方便,Nouns
方便麵,Nouns
方式,Nouns
方才,Nouns
方案,Nouns
方程式,Verbs
方言,Verbs
方針,Nouns
施壓,Nouns
施展,Nouns
施捨,Nouns
施政,Nouns
旁白,Nouns
旁聽,Nouns
旁觀,Nouns
旁證,Nouns
旁邊,Nouns
旅社,Nouns
旅行,Nouns
旅行團,Nouns
旅行支票,Nouns
旅行社,Nouns
旅途,Nouns
旅遊,Nouns
旅館,Nouns
旋律,Nouns
旋渦,Nouns
旋轉,Verbs
旋轉木馬,Nouns
旋風,Nouns
旗子,Nouns
旗艦店,Nouns
旗袍,Nouns
旗語,Nouns
旗鼓相當,Nouns
既往不咎,Temporal Words
既得利益,Temporal Words
既成事實,Temporal Words
既然,Question Adverbs
日,Temporal Words
日光燈,Nouns
日出,Temporal Words
日新月異,Adverbs
日曆,Nouns
日期,Nouns
日本,Nouns
日落,Nouns
日蝕,Nouns
日記,Nouns
日記畫,Nouns
旨意,Temporal Words
旨趣,Nouns
早上,Nouns
早午餐,Question Adverbs
早婚,Temporal Words
早安,Nouns
早期,Adjectives
早熟,Adjectives
早產,Morning
早起,Morning
早退,Temporal Words
早餐,Nouns
旱災,Nouns
旱田,Nouns
旺季,Nouns
旺盛,Adjectives
昂貴,Adjectives
昆明,Nouns
昆蟲,Nouns
明,Nouns
明亮,Adjectives
明信片,Nouns
明天,Temporal Words
明察秋毫,Nouns
明年,Temporal Words
明智,Adjectives
明朗,Temporal Words
明查暗訪,Adjectives
明白,Nouns
明知故犯,Adjectives
明確,Adjectives
明細表,Verb
明鑑,Adjectives
明顯,Nouns
昏庸,Nouns
昏眩,Adjectives
易子而教,Verbs
易手,Verbs
易經,Nouns
星巴克,Nouns
星星,Nouns
星期一,Temporal Words
星期三,Temporal Words
星期二,Temporal Words
星期五,Temporal Words
星期六,Temporal Words
星期四,Temporal Words
星期天,Temporal Words
星期幾,Question Pronouns
星期日,Nouns
星象,Nouns
星辰,Nouns
星際,Nouns
春,Nouns
春分,Nouns
春天,Nouns
春暉,Nouns
春秋五霸,Nouns
春節,Nouns
春聯,Nouns
春風得意,Temporal Words
昨天,Temporal Words
昭示,Nouns
昭雪,Nouns
是,Pronouns
是否,Question Pronouns
是非,Nouns
時事,Nouns
時來運轉,Temporal Words
時候,Temporal Words
時宜,Adjectives
時尚,Temporal Words
時間,Verbs
時髦,Nouns
晃動,Adverbs
晉升,Verbs
晒太陽,Temporal Words
晚上,Nouns
晚餐,Adjectives
晦氣,Nouns
普查,Adjectives
普照,Nouns
景色,Nouns
景觀,Nouns
晴天,Nouns
晴朗,Adjectives
晴空,Nouns
晶瑩,Adjectives
智仁勇,Nouns
智慧,Nouns
智慧型手機,Nouns
智謀,Adjectives
暈倒,Verbs
暈眩,Adjectives
暑假,Temporal Words
暑熱,Adjectives
暖,Adjectives
暖和,Adjectives
暖流,Nouns
暖色,Nouns
暖身,Nouns
暖身運動,Adjectives
暗中,Nouns
暗暗的,Adjectives
暗算,Adjectives
暢通,Adjectives
暢遊,Adjectives
暢銷,Adjectives
暫停,Verbs
暫時,Temporal Words
暮氣沉沉,Adjectives
暮色,Nouns
暴力,Nouns
暴動,Nouns
暴虐,Nouns
暴行,Nouns
暴露狂,Nouns
曇花,Nouns
曉得,Adjectives
曖昧,Verbs
曙光,Adjectives
曚曨,Nouns
曝光,Adjectives
曠世奇才,Nouns
曠職,Nouns
曠課,Nouns
曠野,Adjectives
曲折,Nouns
更,Adverbs
更動,Scope Words
更改,Verbs
更新,Verbs
更衣,Nouns
書,Nouns
書包,Nouns
書名,Nouns
書局,Nouns
書店,Nouns
書庫,Nouns
書札,Nouns
書架,Nouns
書法,Nouns
書籍,Nouns
書面,Mood Particles
曹,Temporal Words
曾經,Verbs
替,Verbs
替代,Adjectives
最,Adverbs
最後,Verbs
最棒,Adjectives
會員,Nouns
會客,Nouns
會心,Adjectives
會意,Adjectives
會計,Nouns
會計與科技資訊學系,Nouns
會診,Verbs
會話,Verbs
會談,Verbs
會議,Nouns
會資系,Nouns
會錯意,Emphasis Words
會長,Nouns
月,Nouns
月亮,Adjectives
月台,Nouns
月經,Nouns
月薪,Nouns
月蝕,Quantifiers
月餅,Mood Particles
有,Question Adverbs
有名,Emphasis Words
有意,Adjectives
有意思,Adjectives
有教無類,Nouns
有時,Temporal Words
有期徒刑,Nouns
有條有理,Adjectives
有沒有,Question Pronouns
有聲有色,Adjectives
有趣,Adjectives
有錢,Nouns
有面子,Nouns
朋友,Nouns
服侍,Nouns
服兵役,Nouns
服刑,Nouns
服務,Adjectives
服役,Adjectives
服從,Adjectives
服氣,Adjectives
望遠鏡,Nouns
朝令夕改,Adjectives
朝會,Nouns
朝氣,Adjectives
期,Quantifiers
期盼,Adjectives
期貨,Nouns
朦朧,Adjectives
木,Nouns
木偶,Nouns
木刻版畫,Nouns
木匠,Nouns
木屐,Nouns
木柴,Nouns
木炭,Nouns
木瓜,Nouns
木頭,Nouns
木馬屠城記,Temporal Words
木魚,Mood Particles
未,Temporal Words
未了,Mood Particles
未來,Temporal Words
未必,Mood Particles
未雨綢繆,Adverbs
末,Pronouns
末梢神經,Nouns
本事,Nouns
本位,Nouns
本來,Adverbs
本分,Nouns
本土,Nouns
本壘打,Nouns
本性難移,Adverbs
本末倒置,Nouns
本票,Nouns
本能,Nouns
本色,Nouns
本金,Nouns
本領,Nouns
朱色,Nouns
朱門,Nouns
杉樹,Nouns
李,Nouns
李子,Nouns
杏壇,Nouns
杜撰,Verbs
杜絕,Verbs
杜鵑,Nouns
束手無策,Nouns
束縛,Nouns
束髮,Nouns
杯子,Nouns
杯葛,Verbs
東,Temporal Words
東南亞,Nouns
東山再起,Verbs
東張西望,Nouns
東海大學,Nouns
東西,Nouns
松,Nouns
松柏,Nouns
松樹,Nouns
松節油,Nouns
松鼠,Nouns
板凳,Emphasis Words
枉費,Mood Particles
枕邊細語,Nouns
枕頭,Nouns
林,Pronouns
林立,Nouns
果凍,Nouns
果園,Nouns
果汁,Adjectives
果決,Adjectives
果然,Temporal Words
果皮,Nouns
果真,Adjectives
果醬,Adjectives
枝條,Nouns
枯燥,Verbs
枯竭,Nouns
枯萎,Nouns
架子,Emphasis Words
柔軟,Adjectives
柔道,Verbs
柚子,Nouns
查明,Verbs
查究,Verbs
查訪,Verbs
查辦,Verbs
柱子,Nouns
柳丁,Nouns
柳暗花明,Nouns
柳樹,Nouns
柳眉,Nouns
柳絮,Nouns
柵欄,Nouns
柺杖,Nouns
柿子,Nouns
栓塞,Adjectives
栓子,Nouns
栗子,Nouns
校址,Nouns
校外教學,Nouns
校對,Nouns
核准,Verbs
核心,Nouns
核銷,Verbs
根據,Temporal Words
根本,Adverbs
根除,Verbs
格子,Nouns
格局,Nouns
格格不入,Adjectives
格言,Nouns
栽培,Verbs
栽種,Verbs
栽贓,Verbs
桂林,Nouns
桂花,Nouns
桃園,Nouns
桃子,Nouns
桃色新聞,Nouns
桃花,Nouns
框框,Nouns
桑樹,Nouns
桶子,Nouns
桿菌,Nouns
梅,Nouns
梅花,Nouns
梅花鹿,Nouns
梅開二度,Nouns
梅雨,Nouns
梅雨季節,Temporal Words
條件,Nouns
條文,Nouns
條理,Nouns
條碼,Nouns
條約,Nouns
條紋,Nouns
梧桐,Nouns
梨園,Nouns
梨子,Nouns
梯子,Nouns
梯田,Causal Conjunctions
械鬥,Nouns
梳子,Verbs
梳洗,Emphasis Words
棄權,Emphasis Words
棉絮,Nouns
棉花,Nouns
棉被,Nouns
棉襖,Nouns
棋局,Nouns
棋盤,Nouns
棋社,Nouns
棒,Nouns
棒子,Nouns
棒球,Nouns
棕,Adjectives
棕櫚,Nouns
棕色,Nouns
棗紅,Adjectives
棘手,Nouns
棟樑,Nouns
棧道,Nouns
森嚴,Nouns
森林,Nouns
森林浴,Nouns
棺材,Nouns
棺材板,Nouns
椅墊,Nouns
椅套,Nouns
椅子,Nouns
植樹,Verbs
植物,Nouns
植物園,Nouns
植皮,Verbs
植髮,Verbs
椰子,Nouns
椰子樹,Nouns
楊,Nouns
楊桃,Nouns
楓樹,Nouns
楚楚動人,Nouns
楚漢,Nouns
業,Nouns
業務,Nouns
業績,Nouns
業餘,Nouns
極力,Quantifiers
極度,Nouns
極樂世界,Nouns
極端,Nouns
楷書,Nouns
概念,Nouns
概況,Adjectives
概算,Nouns
概論,Nouns
榕樹,Nouns
榜樣,Nouns
榜首,Nouns
榮總,Nouns
榮耀,Nouns
榮譽,Nouns
榴槤,Nouns
構圖,Nouns
構思,Nouns
構造,Nouns
槌子,Nouns
槍,Nouns
槍手,Nouns
槍斃,Nouns
槍殺,Nouns
槓桿,Nouns
樂器,Nouns
樂土,Nouns
樂天,Nouns
樂師,Nouns
樂曲,Nouns
樂觀,Nouns
樂趣,Nouns
樂透,Nouns
樂高,Nouns
樓,Nouns
樓房,Nouns
樓梯,Nouns
樓閣,Nouns
標價,Nouns
標會,Nouns
標本,Nouns
標準,Nouns
標籤,Nouns
標語,Nouns
標點符號,Nouns
樞紐,Nouns
樟樹,Nouns
模仿,Nouns
模型,Nouns
模式,Nouns
模樣,Nouns
模特兒,Nouns
模範,Nouns
樣品,Nouns
樣子,Nouns
樹敵,Nouns
樹枝,Nouns
樹根,Nouns
樹皮,Nouns
樹苗,Nouns
橄欖,Nouns
橄欖球,Nouns
橋,Nouns
橋墩,Nouns
橋樑,Nouns
橋牌,Nouns
橘子,Nouns
橘色,Nouns
機器,Nouns
機器人,Nouns
機場,Nouns
機密,Nouns
機智,Nouns
機會,Nouns
機械,Nouns
機械工程學系,Nouns
機械系,Nouns
機車行照,Nouns
機車駕照,Nouns
機關,Nouns
機關槍,Nouns
橡樹,Nouns
橡皮圈（橡皮筋）,Nouns
橡皮擦,Nouns
橡膠,Nouns
橢圓,Nouns
橫心,Nouns
橫衝直撞,Nouns
橫財,Nouns
橫貫公路,Nouns
檀香山（夏威夷）,Nouns
檀香木,Nouns
檔案,Nouns
檜木,Nouns
檢定,Nouns
檢察官,Nouns
檢查,Nouns
檢疫,Nouns
檢舉,Nouns
檢視,Nouns
檢討（反省）,Nouns
檳榔,Nouns
檸檬,Nouns
櫃台,Nouns
櫃子,Nouns
櫥子,Nouns
櫥櫃,Nouns
櫥窗,Nouns
櫻桃,Nouns
櫻花,Nouns
權利,Nouns
權力,Nouns
權勢,Nouns
權益,Nouns
權限,Nouns
欠,Nouns
欠佳,Verbs
欠債,Adjectives
欠帳,Nouns
欠缺,Nouns
欠錢,Adjectives
次序,Nouns
次等,Adjectives
次要,Adjectives
欣慰,Adjectives
欣欣向榮,Emotion Words
欣賞,Verbs
欲念,Nouns
欲望,Nouns
欲求,Nouns
欲罷不能,Verbs
欺侮,Verbs
欺善怕惡,Idioms
欺瞞,Verbs
欺負,Verbs
欺騙,Verbs
欽佩,Emphasis Words
款項,Nouns
歇息,Idioms
歇斯底里,Nouns
歉收,Temporal Words
歉疚,Emotion
歌,Nouns
歌仔戲,Nouns
歌劇,Nouns
歌手,Nouns
歌曲,Nouns
歌舞團,Nouns
歐,Nouns
歡喜,Emphasis Words
歡樂,Emphasis Words
歡聚,Nouns
歡迎,Verbs
歡送,Verbs
止,Nouns
止痛藥,Adjectives
正,Nouns
正中,Nouns
正中下懷,Adjectives
正午,Nouns
正名,Nouns
正字標記,Nouns
正巧,Adjectives
正常,Nouns
正式,Adjectives
正方形,Nouns
正直,Adjectives
正確,Nouns
正經,Adjectives
正義,Nouns
此生,Adverbs
步伐,Nouns
步兵,Nouns
步行,Verbs
步調,Adjectives
步道,Nouns
步驟,Nouns
武功,Nouns
武器,Nouns
武斷,Adjectives
武術,Nouns
武裝,Nouns
歧見,Nouns
歧視,Adjectives
歪斜,Nouns
歪曲,Adjectives
歪風,Nouns
歲入,Temporal Words
歲出,Nouns
歲月,Nouns
歷代,Adjectives
歷史,Verbs
歷練,Verbs
歸咎,Verbs
歸寧,Verbs
歸納,Nouns
歸還,Nouns
死,Verbs
死亡,Nouns
死刑,Nouns
死心,Verbs
死心塌地,Verbs
死火山,Nouns
死背,Verbs
死角,Verbs
死記,Nouns
殉職,Nouns
殉身,Nouns
殊榮,Nouns
殖民地,Nouns
殖民（移民）不同義,Nouns
殘存,Nouns
殘忍,Nouns
殘酷,Nouns
殘障,Nouns
殘餘,Nouns
殯儀館,Nouns
殯葬,Nouns
段,Nouns
段落,Nouns
殷切,Nouns
殷勤,Nouns
殷鑑,Nouns
殺,Verbs
殺一儆百,Verbs
殺價,Verbs
殺害,Verbs
殺生,Verbs
殺菌,Verbs
殺蟲劑,Nouns
殺青,Nouns
殿後,Nouns
殿軍,Nouns
毀容,Nouns
毀損,Nouns
毀滅,Nouns
毀謗,Nouns
毅力,Nouns
毆打,Nouns
母法,Nouns
母系,Nouns
母老虎,Mood Particles
每個月,Frequency Words
每天,Frequency Words
每年,Frequency Words
每況愈下,Adverbs
每逢,Temporal Words
每週,Frequency Words
毒,Nouns
比不上,Adjectives
比例,Nouns
比喻,Nouns
比如,Nouns
比得上,Nouns
比比皆是,Nouns
比照,Nouns
比率,Nouns
比賽,Nouns
比較,Adjectives
毛,Nouns
毛巾,Adverbs
毫髮未傷,Adverbs
毽子,Nouns
民俗,Nouns
民意代表,Nouns
民族,Nouns
民營,Nouns
民生,Nouns
民航,Nouns
民進黨,Nouns
民雄,Nouns
氣,Nouns
氣候,Temporal Words
氣功,Nouns
氣喘,Nouns
氣氛,Adjectives
氣泡,Nouns
氣派,Nouns
氣球,Nouns
氣餒,Nouns
氧化,Adjectives
氧氣,Nouns
氨基酸,Nouns
氨氣,Nouns
水,Nouns
水仙花,Nouns
水位,Nouns
水塔,Nouns
水壺,Nouns
水平線,Nouns
水庫,Nouns
水彩畫,Nouns
水性楊花,Nouns
水手,Nouns
水族館,Nouns
水晶,Nouns
水果,Nouns
水母,Nouns
水準,Nouns
水溝,Nouns
水筆仔,Nouns
水腫,Nouns
水落石出,Nouns
水蜜桃,Nouns
水貨,Nouns
水質,Nouns
水車,Nouns
永久,Temporal Words
永恆,Temporal Words
永遠,Temporal Words
汁,Nouns
求,Verbs
求人不如求己,Verbs
求和,Verbs
求好心切,Verbs
求婚,Verbs
求學,Verbs
求救,Verbs
求生,Verbs
求知,Verbs
求籤,Nouns
求證,Nouns
汐止,Nouns
汗,Nouns
汗水,Nouns
汗疹,Nouns
江山易改本性難移,Nouns
池,Nouns
池塘,Nouns
污垢,Nouns
汪洋,Nouns
決定,Verbs
決賽,Nouns
決鬥,Nouns
汽水,Nouns
汽油,Nouns
汽車,Nouns
汽車旅館,Nouns
汽車駕照,Nouns
沉,Adjectives
沉悶,Adjectives
沉著,Adjectives
沉迷,Adjectives
沉默,Adjectives
沐浴,Nouns
沐浴乳,Nouns
沒人跟我玩,Mood Particles
沒味道,Mood Particles
沒問題,Mood Particles
沒找到,Mood Particles
沒收,Mood Particles
沒有,Mood Particles
沒有事情,Mood Particles
沒有問題,Emphasis Words
沒有用,Mood Particles
沒有說什麼,Question Pronouns
沒有辦法,Emphasis Words
沒用,Mood Particles
沒聽過,Question Pronouns
沒辦法,Emphasis Words
沒關係,Mood Particles
沒電,Nouns
沖刷,Verbs
沖天炮,Verbs
沖淡,Nouns
沙,Nouns
沙拉醬,Nouns
沙文主義,Nouns
沙漠,Nouns
沙發,Nouns
沮喪,Nouns
河,Nouns
河堤,Nouns
河岸,Nouns
沸水,Nouns
沸騰,Nouns
沸點,Nouns
油,Nouns
油條,Nouns
油漆,Nouns
油畫,Nouns
治,Verbs
治安,Nouns
治療,Verbs
治癒,Verbs
沼氣,Nouns
沼澤,Nouns
沾光,Mood Particles
沾染,Mood Particles
沾沾自喜,Nouns
沾濕,Nouns
沿海,Temporal Words
沿襲,Nouns
沿途,Nouns
泉源,Nouns
泌尿科,Nouns
法制,Nouns
法學院,Nouns
法官,Nouns
法律,Nouns
法律系,Nouns
法醫,Nouns
法院,Nouns
泛舟,Nouns
泡影,Nouns
泡沫,Nouns
泡湯,Nouns
泡茶,Nouns
泡麵,Nouns
波折,Nouns
波斯貓,Nouns
波浪,Nouns
波紋,Verbs
波羅蜜,Nouns
波長,Nouns
泣訴,Nouns
泥土,Nouns
泥濘,Nouns
泥鰍,Verbs
注射,Nouns
注意,Nouns
注視,Nouns
注釋,Nouns
注重,Nouns
注音符號,Nouns
泰國,Nouns
泰山,Nouns
泰雅族,Nouns
泳帽,Nouns
泳池,Nouns
洋傘,Nouns
洋娃娃,Nouns
洋菜,Nouns
洋蔥,Nouns
洋裝,Verbs
洗,Verbs
洗劫,Verbs
洗手,Nouns
洗手乳,Verbs
洗澡,Nouns
洗碗機,Nouns
洗禮,Nouns
洗腦,Nouns
洗臉,Nouns
洗衣機,Verbs
洗車,Nouns
洗髮,Verbs
洗髮精,Nouns
洛神花,Nouns
洞房花燭夜,Temporal Words
洞穴,Nouns
津津有味,Adjectives
津貼,Nouns
洩密,Verb
洩氣,Verb
洩洪,Verb
洩漏,Verb
洪亮,Verb
洪水,Adjectives
洲,Nouns
活動,Nouns
活動中心,Nouns
活期存款,Adjectives
活潑,Emphasis Words
活該,Nouns
活頁,Nouns
派,Nouns
派出所,Nouns
派對,Verb
流利,Adjectives
流動,Adjectives
流暢,Adjectives
流氓,Nouns
流汗,Nouns
流血,Nouns
流行,Adjectives
流言,Nouns
流鼻涕,Nouns
浩浩蕩蕩,Adverbs
浪漫,Adjectives
浪花,Nouns
浪費,Verbs
浮,Nouns
浮標,Adjectives
浮沈,Adjectives
浮腫,Adjectives
浮躁,Nouns
浴室,Nouns
浴巾,Nouns
浴帽,Nouns
浴缸,Nouns
海,Nouns
海嘯,Nouns
海報,Nouns
海島,Nouns
海峽,Nouns
海拔,Nouns
海灣,Nouns
海獅,Nouns
海盜船,Nouns
海綿,Nouns
海豚,Nouns
海軍,Nouns
海關,Nouns
海防,Nouns
海鮮,Nouns
海鷗,Nouns
浸水,Nouns
浸泡,Nouns
消化,Nouns
消失,Nouns
消毒,Nouns
消滅,Nouns
消炎,Nouns
消耗,Nouns
消除,Verbs
涉及,Verbs
涉嫌,Verbs
液晶螢幕,Nouns
液體,Nouns
涵意,Nouns
涵養,Nouns
涼亭,Nouns
涼快,Adjectives
涼鞋,Nouns
淋巴腺,Nouns
淋浴,Adjectives
淒涼,Adjectives
淘氣,Nouns
淘汰,Verbs
淘米,Nouns
淚水,Adjectives
淡,Nouns
淡水,Adjectives
淡薄,Nouns
淤塞,Nouns
淤血,Adjectives
深呼吸,Verbs
深夜,Temporal Words
深謀遠慮,Adjectives
深造,Nouns
淵源,Nouns
混亂,Adjectives
混凝土,Nouns
混合,Nouns
混濁,Adjectives
淹水,Adjectives
淹沒,Adjectives
淺,Nouns
淺易,Nouns
淺陋,Adjectives
添丁,Nouns
添加,Adjectives
添設,Nouns
清冊,Temporal Words
清寒,Temporal Words
清早,Adjectives
清明節,Nouns
清晨,Temporal Words
清晰,Adjectives
清朝,Nouns
清水,Nouns
清潔,Nouns
清潔劑,Nouns
清白,Adjectives
清真寺,Nouns
清秀,Adjectives
清華,Nouns
清華大學,Nouns
清高,Adjectives
清點,Verbs
減,Verbs
減刑,Nouns
減號,Nouns
減速,Nouns
渡假,Nouns
渡船,Nouns
渡輪,Nouns
測試,Nouns
測驗,Verbs
港,Verbs
港口,Nouns
渲染,Nouns
渴,Adjectives
渴想,Verbs
游泳,Verbs
游泳池,Nouns
游艇,Nouns
渺小,Adjectives
湊合,Mood Particles
湊在一起,Nouns
湊巧,Adjectives
湖,Nouns
湖泊,Nouns
湖畔,Nouns
湧入,Verbs
湯,Nouns
湯圓,Nouns
源頭,Nouns
準備,Verbs
準時,Nouns
溜冰,Nouns
溜冰場,Verbs
溜滑梯,Nouns
溝通,Nouns
溪,Emphasis Words
溪流,Nouns
溫度計,Verbs
溫故知新,Nouns
溫暖,Adjectives
溫柔,Adjectives
溫泉,Nouns
溫習,Verbs
溺愛,Adjectives
溺死,Verbs
溺水,Nouns
溼,Adjectives
溼地,Nouns
滂沱大雨,Temporal Words
滄桑,Adjectives
滄海桑田,Expressions
滅口,Verbs
滅火器,Nouns
滅頂,Verbs
滋潤,Adjectives
滋生,Verbs
滑,Nouns
滑冰,Adjectives
滑水,Verbs
滑滑的,Adjectives
滑稽,Verbs
滑雪,Adjectives
滴水穿石,Nouns
滾動,Verbs
滿,Quantifiers
滿意,Adjectives
滿清,Nouns
滿足,Adjectives
滿載而歸,Idioms
漁夫,Nouns
漁民,Nouns
漂亮,Adjectives
漂白粉,Nouns
漆器,Nouns
漆黑,Adjectives
漏接,Idioms
漏斗,Idioms
漏稅,Verbs
演奏,Verbs
演習,Verbs
演講,Adjectives
漠不關心,Adjectives
漠視,Nouns
漢堡,Nouns
漩渦,Nouns
漲價,Verbs
漸增,Adverbs
漸減,Adverbs
漸漸,Nouns
潑水,Nouns
潔身自愛,Pronouns
潛水艇,Nouns
潛能,Nouns
潦草,Adverbs
潮汐,Nouns
潮濕,Nouns
潰瘍,Nouns
澄清,Verbs
澆花,Nouns
澈底,Nouns
澎湖,Nouns
澡堂,Nouns
澡盆,Nouns
澱粉,Nouns
澳洲,Nouns
澳門,Adjectives
激怒,Nouns
激烈,Adjectives
濃厚,Adjectives
濃淡,Adjectives
濕,Adjectives
濕紙巾,Nouns
濕衣服,Nouns
濫用,Adjectives
濾水器,Nouns
瀆職,Nouns
瀉肚子,Adjectives
瀏覽,Nouns
瀑布,Nouns
瀝青,Nouns
瀟灑,Adjectives
灌溉,Nouns
灑水車,Nouns
火,Nouns
火大,Nouns
火山,Temporal Words
火星,Nouns
火柴,Nouns
火箭,Nouns
火警,Nouns
火車,Nouns
火車票,Nouns
火車站,Nouns
火速,Adverbs
火鍋,Nouns
火雞,Nouns
火雞肉飯,Nouns
灰,Nouns
灰塵,Nouns
灰心,Adjectives
灰燼,Nouns
灼傷,Adjectives
災害,Nouns
災禍,Nouns
炊具,Nouns
炎,Nouns
炎熱,Verbs
炒,Nouns
炒魷魚,Nouns
炫耀,Verbs
炭畫,Nouns
炭筆,Nouns
炮,Nouns
炮彈,Verbs
炯炯有神,Nouns
炸,Nouns
為,Mood Particles
為什麼,Question Adverbs
為何,Question Adverbs
為善最樂,Verbs
烏賊,Nouns
烏鴉,Nouns
烏龜,Nouns
烘焙,Verbs
烙印,Nouns
烤,Verbs
烤箱,Nouns
烤肉,Verbs
烹飪,Nouns
烹飪課,Nouns
焚化爐,Nouns
焚風,Mood Particles
無,Mood Particles
無中生有,Nouns
無名指,Mood Particles
無尾熊,Mood Particles
無所謂,Adjectives
無法,Mood Particles
無精打采,Causal Conjunctions
焦味,Adjectives
焦距,Nouns
然後,Transitional Conjunctions
煉鋼,Verbs
煎,Verbs
煎熬,Adverbs
煎餃,Nouns
煙,Nouns
煙斗,Nouns
煙火,Nouns
煙灰缸,Temporal Words
煙霧,Nouns
煞車,Nouns
煤氣,Nouns
煤油,Nouns
煤礦,Idioms
煥然一新,Verbs
照,Nouns
照片,Verbs
照相,Nouns
照相機,Verbs
照顧,Pronouns
照顧你,Emphasis Words
煩惱,Nouns
煮,Verbs
煮菜,Verbs
煮飯,Verbs
煽動,Verbs
熄滅,Verbs
熄燈,Nouns
熊,Nouns
熊貓,Verbs
熔化,Adjectives
熟悉,Adjectives
熟練,Idioms
熟能生巧,Nouns
熨斗,Verbs
熬夜,Adjectives
熱,Adjectives
熱帶魚,Adjectives
熱心,Adjectives
熱情,Verbs
熱熱地,Nouns
熱誠,Adjectives
熱鬧,Adjectives
熾熱,Adjectives
燃燒,Verbs
燈,Nouns
燈塔,Nouns
燈泡,Nouns
燈籠,Nouns
燉藥,Verbs
燒,Verbs
燒餅,Nouns
燒餅油條,Nouns
燒香,Verbs
燕子,Nouns
燙,Verbs
燙衣服,Verbs
燙髮,Nouns
營養,Adjectives
燥熱,Adjectives
燦爛,Nouns
燭臺,Verbs
爆炸,Nouns
爆竹,Verbs
爛,Nouns
爪牙,Nouns
爬山,Nouns
爭吵,Nouns
爭辯,Nouns
爵位,Nouns
父母親,Pronouns
父親,Pronouns
父親母親,Pronouns
父親節,Nouns
爸爸,Pronouns
爸爸媽媽,Pronouns
爺爺,Pronouns
爽快,Adjectives
爽直,Adjectives
爽身粉,Nouns
牆,Nouns
牆壁,Nouns
片,Quantifiers
片刻,Temporal Words
版權,Nouns
版畫,Nouns
牌照,Nouns
牙刷,Nouns
牙周病,Nouns
牙杯,Nouns
牙痛,Nouns
牙膏,Nouns
牙齒,Nouns
牛,Nouns
牛乳,Nouns
牛仔褲,Nouns
牛奶,Nouns
牛排,Nouns
牛痘,Nouns
牡丹,Nouns
牡蠣,Nouns
牢記,Nouns
牢騷,Nouns
牧師,Nouns
物,Nouns
物理,Nouns
物理學系,Nouns
物理系,Nouns
物色,Nouns
特別,Nouns
特徵,Nouns
特殊,Nouns
牽手,Adjectives
牽掛,Adjectives
牽牛花,Nouns
犀利,Adjectives
犀牛,Nouns
犒賞,Nouns
犧牲,Emphasis Words
犯法,Verbs
犯罪防治學系,Nouns
犯防系,Nouns
狂妄,Adjectives
狂犬病,Nouns
狐狸,Nouns
狒狒,Nouns
狗,Nouns
狗急跳牆,Adjectives
狠心,Adjectives
狡猾,Adjectives
狡詐,Nouns
狩獵,Temporal Words
狹窄,Nouns
狹長,Idioms
狼,Adjectives
狼狽為奸,Nouns
猖獗,Idioms
猛獸,Adjectives
猜,Nouns
猜拳,Verbs
猜測,Verbs
猜燈謎,Verbs
猝死,Idioms
猥褻,Adjectives
猩猩,Nouns
猴子,Nouns
猶疑,Adjectives
猿猴,Nouns
獃頭獃腦,Adjectives
獅子,Nouns
獎勵,Nouns
獎狀,Nouns
獎金,Nouns
獨女,Pronouns
獨子,Pronouns
獨斷,Adjectives
獨生女,Pronouns
獨生子,Pronouns
獨立,Adjectives
獨裁,Verbs
獲取,Nouns
獲得,Verbs
獵,Nouns
獸醫,Verbs
獻殷勤,Nouns
玄學,Adjectives
率直,Nouns
率領,Adjectives
玉,Nouns
玉米,Nouns
王,Pronouns
王后,Nouns
王子,Nouns
玩,Verbs
玩具,Nouns
玩具不借我,Nouns
玩具店,Nouns
玩弄,Verbs
玩球,Nouns
玩遊戲,Nouns
玩黏土,Adjectives
玫瑰,Nouns
玲瓏,Nouns
玷汙,Nouns
玻璃,Nouns
珊瑚,Nouns
珍奶,Adjectives
珍惜,Nouns
珍珠,Nouns
珍珠奶茶,Verbs
珠算,Nouns
班,Nouns
班級,Nouns
班長,Nouns
現在,Temporal Words
現實,Nouns
球,Nouns
球賽,Nouns
理化,Nouns
理想,Nouns
理解,Verbs
理髮,Nouns
琉璃,Nouns
琢磨,Nouns
琴,Nouns
琴弦,Nouns
瑕疵,Nouns
瑜珈,Nouns
瑞典,Nouns
瑞士,Nouns
瑞雪,Nouns
瑣碎,Nouns
瑪瑙,Nouns
環保,Nouns
環境,Nouns
環島,Nouns
瓜分,Nouns
瓜子,Nouns
瓢蟲,Nouns
瓦斯,Nouns
瓶頸,Nouns
瓷器,Nouns
甄試,Nouns
甄選,Nouns
甘蔗,Nouns
甘薯,Nouns
甚至,Quantifiers
甚麼,Question Pronouns
甜,Adjectives
甜不辣,Adjectives
甜甜的,Adjectives
生,Nouns
生命,Nouns
生命科學系,Nouns
生意,Adjectives
生日,Nouns
生殖器,Adjectives
生氣,Adjectives
生氣王子,Nouns
生活,Nouns
生物,Nouns
生物系,Nouns
生理假,Temporal Words
生理期,Temporal Words
生病,Verbs
生的,Adjectives
生科系,Nouns
生肖,Nouns
產出,Nouns
產品,Nouns
產物,Nouns
用,Mood Particles
用功,Nouns
用心,Nouns
用意,Adverbs
用處,Adverbs
甩掉,Adverbs
田,Verbs
田徑,Nouns
由於,Temporal Words
甲,Nouns
甲狀腺,Nouns
甲等,Nouns
甲蟲,Coordinating Conjunctions
男,Nouns
男同性戀,Nouns
男性團體,Nouns
男生,Nouns
男追女,Verbs
界定,Nouns
畏懼,Adjectives
畏縮,Adjectives
畏罪,Adjectives
留,Verbs
留學,Nouns
留心,Verbs
留級,Adjectives
畜牧,Nouns
畢業,Nouns
畢業典禮,Nouns
略讀,Nouns
番石榴,Nouns
番茄,Verbs
番茄炒蛋,Nouns
番茄醬,Nouns
畫,Nouns
畫圓圏,Nouns
畫圖,Nouns
畫展,Nouns
畫架,Nouns
畫畫,Verbs
異議,Adjectives
異鄉,Nouns
當,Verbs
當兵,Verbs
當掉,Verbs
當然,Emphasis Words
當耳邊風,Verbs
當選,Nouns
當鋪,Verbs
畸形,Nouns
疆域,Adjectives
疏忽,Nouns
疏散,Verbs
疑問,Adjectives
疑心,Nouns
疙瘩,Mood Particles
疤痕,Adjectives
疫苗,Nouns
疲倦,Adjectives
疲勞,Nouns
疼,Adjectives
疼惜,Emphasis Words
疼愛,Emphasis Words
疾病,Nouns
病,Nouns
病人,Nouns
病假,Nouns
病情,Nouns
病歷,Nouns
病菌,Nouns
症狀,Adjectives
痊癒,Adjectives
痔瘡,Adjectives
痕跡,Adjectives
痛,Nouns
痛苦,Adjectives
痢疾,Adjectives
痱子,Nouns
痲疹,Adjectives
痲痺,Adjectives
痲瘋病,Emphasis Words
瘟疫,Nouns
瘦,Adjectives
瘦弱,Adjectives
瘧疾,Nouns
瘸腿,Nouns
癌症,Nouns
癖好,Nouns
癡呆,Adjectives
癢,Adjectives
癥結,Nouns
癩蝦蟆,Nouns
癱瘓,Nouns
癲癇,Verbs
登山,Verbs
登記,Verbs
登錄,Nouns
登革熱,Mood Particles
發人深省,Nouns
發射器,Adverbs
發抖,Verbs
發明,Verbs
發燒,Verbs
發牌,Adverbs
發狂,Verbs
發生,Verbs
發聲,Verbs
發脾氣,Verbs
發芽,Verbs
發覺,Verbs
發言人,Nouns
發音,Verbs
發音器官,Nouns
發願,Verbs
白,Adjectives
白天,Temporal Words
白宮,Nouns
白手成家,Idioms
白板,Nouns
白癡,Adjectives
白色,Nouns
白蘿蔔,Adjectives
白血球,Nouns
白話文,Idioms
白費,Adjectives
白金,Nouns
白開水,Idioms
白領階級,Adjectives
白髮蒼蒼,Nouns
百,Quantifiers
百事可樂,Adjectives
百依百順,Adjectives
百分之一,Quantifiers
百分之百,Quantifiers
百分數,Nouns
百分比,Nouns
百姓,Nouns
百尺竿頭,Adjectives
百年,Temporal Words
百年樹人,Nouns
百戰百勝,Adjectives
百折不撓,Adjectives
百步蛇,Nouns
百歲,Nouns
百發百中,Nouns
百科全書,Nouns
百葉窗,Nouns
百貨,Nouns
百貨公司,Pronouns
百里侯,Pronouns
的,Emphasis Words
皮包,Nouns
皮尺,Nouns
皮帶,Nouns
皮箱,Nouns
皮膚,Nouns
皮衣,Nouns
皮鞋,Nouns
盆,Nouns
盆栽,Nouns
盆花,Nouns
盈餘,Nouns
益友,Nouns
益智,Nouns
益處,Nouns
盒子,Nouns
盔甲,Nouns
盛名,Nouns
盛大,Nouns
盛情,Nouns
盛氣凌人,Nouns
盛況,Nouns
盛湯,Nouns
盜拷,Nouns
盜版,Nouns
盜用,Nouns
盜賣,Nouns
盜領,Nouns
盟主,Nouns
盡人皆知,Adverbs
盡力,Adverbs
盡善盡美,Adverbs
盡孝,Adverbs
盡心,Adverbs
盡忠,Adverbs
盡忠報國,Adverbs
盡職,Nouns
盡責,Nouns
監察委員,Nouns
監工,Nouns
監獄,Nouns
監理所,Nouns
監票,Nouns
監考,Nouns
監聽,Nouns
盤點,Nouns
盥洗,Nouns
盪鞦韆,Nouns
目不識丁,Nouns
目中無人,Nouns
目光,Nouns
目前,Temporal Words
目標,Nouns
目無法紀,Nouns
目的,Nouns
目睹,Nouns
目瞪口呆,Emphasis Words
目空一切,Emphasis Words
目錄,Adjectives
盲,Nouns
盲從,Nouns
盲目,Nouns
盲腸,Nouns
盲點,Nouns
直,Nouns
直升,Nouns
直升機,Nouns
直屬,Nouns
直排輪,Nouns
直接,Nouns
直播,Verbs
直系,Nouns
直線,Nouns
直覺,Adjectives
直角,Nouns
直轄市,Nouns
直達,Verbs
相似,Adjectives
相依,Adjectives
相依為命,Pronouns
相信,Verbs
相反,Adjectives
相同,Nouns
相夫教子,Verbs
相對,Adjectives
相差,Verbs
相得益彰,Nouns
相思,Adjectives
相提並論,Nouns
相敬如賓,Verbs
相片,Nouns
相當,Adjectives
相等,Nouns
相逢,Nouns
相配,Adjectives
相關,Adjectives
盼望,Verbs
省,Quantifiers
省事,Adjectives
省力,Adjectives
省吃儉用,Adjectives
省察,Verbs
省思,Verbs
眉,Nouns
眉來眼去,Nouns
眉毛,Nouns
眉清目秀,Adjectives
眉目,Nouns
眉開眼笑,Verbs
看,Verbs
看不慣,Verbs
看不清楚,Verbs
看不起,Nouns
看家,Verbs
看板,Nouns
看病,Verbs
看相,Nouns
看穿,Verbs
看臺,Nouns
看見,Verbs
看護,Nouns
看醫生,Verbs
看錯了,Mood Particles
真,Adjectives
真分數,Adjectives
真善美,Adjectives
真實,Adjectives
真心,Adjectives
真心真意,Adjectives
真情,Adjectives
真憑實據,Adjectives
真才實學,Adjectives
真理,Adjectives
真相,Adjectives
真空,Emotion Words
眼中無人,Nouns
眼光高,Adjectives
眼前,Temporal Words
眼力,Nouns
眼明手快,Nouns
眼淚,Nouns
眼睛,Nouns
眼科,Nouns
眼花撩亂,Adjectives
眼見,Verbs
眼鏡,Nouns
眼高手低,Emphasis Words
眾人,Nouns
眾叛親離,Nouns
眾多,Nouns
眾志成城,Nouns
眾望所歸,Verbs
眾說紛紜,Nouns
睏,Nouns
睡,Nouns
睡不著,Nouns
督促,Verbs
督學,Nouns
督察,Nouns
瞎眼,Adjectives
瞞天過海,Idioms
瞭如指掌,Adjectives
瞭望,Nouns
矛盾,Nouns
矜持,Adjectives
知人善任,Idioms
知名,Adjectives
知己知彼,Idioms
知恥,Emotion
知情,Adjectives
知書達禮,Idioms
知法犯法,Idioms
知行合一,Nouns
知覺,Adjectives
知識,Idioms
知足,Nouns
知道,Verbs
知難而退,Verbs
知難行易,Idioms
矩形,Nouns
短,Adjectives
短兵相接,Nouns
短劇,Nouns
短句,Nouns
短文,Nouns
短袖,Nouns
短見,Adjectives
短跑,Nouns
短髮,Adjectives
矮,Adjectives
矮化,Adjectives
矮小,Adjectives
石化,Mood Particles
石沉大海,Nouns
石油,Nouns
石膏,Nouns
石階,Nouns
石雕,Nouns
石頭,Nouns
砂布,Verbs
砂眼,Verbs
砂糖,Institutions
研習,Verbs
研製,Verbs
研討,Verbs
破,Verbs
破土,Verbs
破壞,Verbs
破曉,Verbs
破案,Verbs
破產,Verbs
破皮,Verbs
破相,Verbs
破碎,Verbs
破裂,Verbs
破財,Nouns
破鏡重圓,Nouns
硬,Nouns
硬幣,Adjectives
硬度,Nouns
硬硬的,Nouns
碗,Nouns
碗粿,Nouns
碗蓋,Nouns
碩士,Nouns
碩果僅存,Nouns
碰壁,Verbs
碰撞,Nouns
碰見,Verbs
碰運氣,Verbs
確信,Adjectives
確定,Adjectives
確實,Adjectives
確認,Adjectives
磁力,Nouns
磁場,Nouns
磁碟,Nouns
磁鐵,Nouns
磚頭,Nouns
磨損,Nouns
磨料,Verbs
磨練,Nouns
礦泉水,Verbs
礦物,Nouns
示威,Nouns
示範,Verbs
示警,Nouns
社交,Nouns
社區,Nouns
社團,Nouns
社工,Nouns
社會,Nouns
社會福利,Nouns
社會福利學系,Nouns
社會風氣,Nouns
社福系,Nouns
社論,Nouns
祈求,Question Pronouns
祈福,Question Pronouns
祈禱,Question Pronouns
祕密,Nouns
祕藏,Nouns
祖先,Nouns
祖墳,Nouns
祖母,Nouns
祖父,Emphasis Words
祖產,Mood Particles
祝,Mood Particles
祝壽,Mood Particles
祝福,Nouns
神木,Nouns
神機妙算,Nouns
神氣,Adjectives
神經,Adjectives
神經病,Nouns
神聖,Adjectives
神話,Nouns
神通廣大,Adjectives
祥瑞,Nouns
票,Nouns
票價,Nouns
票據,Nouns
票數,Nouns
票選,Nouns
祭文,Nouns
祭祖,Nouns
祭神,Nouns
禁不起,Temporal Words
禁地,Nouns
禁止,Causative Constructions
禁煙,Verbs
禁物,Verbs
禁用,Verbs
禁藥,Verbs
禍不單行,Verbs
禍國殃民,Nouns
禍害,Nouns
禍從口出,Nouns
禍患,Nouns
福利,Nouns
福利社,Nouns
福如東海,Nouns
福氣,Nouns
福音,Nouns
禦寒,Adverbs
禪學,Nouns
禪寺,Nouns
禪讓,Nouns
禮儀,Nouns
禮券,Nouns
禮品,Nouns
禮堂,Nouns
禮尚往來,Nouns
禮拜,Nouns
禮拜一,Nouns
禮拜三,Temporal Words
禮拜二,Temporal Words
禮拜五,Temporal Words
禮拜六,Temporal Words
禮拜四,Temporal Words
禮拜天,Temporal Words
禮拜幾,Question Adverbs
禮服,Nouns
禮物,Nouns
禮節,Nouns
禮讓,Nouns
禮貌,Nouns
禱告,Nouns
禿頭,Nouns
秀外慧中,Adjectives
秀氣,Adjectives
秀麗,Adjectives
私,Pronouns
私人,Nouns
私心,Nouns
私立,Nouns
私章,Nouns
私藏,Nouns
秋,Temporal Words
秋天,Nouns
秋季,Nouns
秋高氣爽,Nouns
科,Adjectives
科任,Nouns
科博館,Nouns
科大,Nouns
科學,Nouns
科工館,Nouns
科技,Nouns
科技大學,Nouns
科教館,Nouns
科目,Nouns
秘密,Nouns
秘密戀愛,Nouns
租,Nouns
租借,Nouns
租約,Nouns
租金,Nouns
秤,Nouns
秧田,Verbs
秧苗,Nouns
秩序,Nouns
移交,Verbs
移動,Verbs
移山,Verbs
移山倒海,Verbs
移植,Verbs
移民,Verbs
移花接木,Verbs
移風易俗,Verbs
稀少,Adjectives
稀飯,Nouns
稅,Nouns
稅單,Nouns
稅捐,Nouns
稅收,Nouns
稅款,Nouns
程序,Nouns
程度,Adverbs
程式,Nouns
稍安勿躁,Nouns
稍微,Nouns
種,Nouns
種子,Nouns
種植,Nouns
種瓜得瓜,Nouns
種田,Nouns
種花,Nouns
種類,Nouns
稱,Nouns
稱兄道弟,Nouns
稱呼,Nouns
稱心如意,Nouns
稻子,Nouns
稻穗,Nouns
稻米,Nouns
稻草,Nouns
稿件,Nouns
稿紙,Nouns
稿費,Nouns
積勞成疾,Adjectives
積壓,Temporal Words
積少成多,Quantifiers
積德,Adjectives
積怨,Adjectives
積木,Nouns
積極,Adjectives
積水,Temporal Words
積蓄,Adjectives
穩健,Adjectives
穩固,Adjectives
穩如泰山,Temporal Words
穩定,Nouns
穩紮穩打,Question Pronouns
空,Nouns
空中大學,Nouns
空口無憑,Adjectives
空地,Nouns
空城計,Nouns
空手,Nouns
空手道,Nouns
空氣,Nouns
空洞,Nouns
空白,Nouns
空虛,Nouns
空軍,Nouns
空運,Nouns
空間,Nouns
空防,Nouns
空降,Nouns
空難,Nouns
空頭支票,Adjectives
穿,Nouns
穿山甲,Verbs
穿紅衣,Verbs
穿紅褲,Verbs
穿耳洞,Verbs
穿衣,Verbs
穿越,Verbs
穿透,Verbs
穿針引線,Verbs
穿鞋,Verbs
突出,Adverbs
突然,Adverbs
突破,Adverbs
突變,Adverbs
突飛猛進,Adverbs
窄,Adjectives
窒息,Adjectives
窒礙難行,Adjectives
窗,Nouns
窗戶,Nouns
窗簾,Nouns
窮,Nouns
窮凶惡極,Nouns
窮困,Nouns
窮苦,Nouns
窮途末路,Nouns
窺探,Nouns
立冬,Nouns
立刻,Adverbs
立功,Verbs
立地成佛,Idioms
立場,Nouns
立夏,Temporal Words
立志,Verbs
立春,Temporal Words
立業,Nouns
立法,Verbs
立法委員,Nouns
立法院,Nouns
立秋,Temporal Words
立竿見影,Verbs
立約,Idioms
立蛋,Idioms
立論,Nouns
立足,Verbs
立身處世,Expressions
立體,Nouns
站,Verbs
站不住腳,Expressions
站長,Nouns
童叟無欺,Adverbs
童子軍,Nouns
童工,Nouns
童年,Nouns
童星,Nouns
童言無忌,Adverbs
童話,Nouns
童謠,Nouns
童顏,Nouns
端午節,Adjectives
端正,Adjectives
端莊,Nouns
競爭,Nouns
競賽,Nouns
競走,Nouns
競選,Nouns
竹報平安,Emphasis Words
竹子,Mood Particles
笑容滿面,Adjectives
笑臉,Nouns
笑話,Nouns
笑談,Nouns
笛子,Nouns
符合,Pronouns
符號,Nouns
笨,Adjectives
笨手笨腳,Adjectives
笨重,Adjectives
第一個,Nouns
第一名,Nouns
第一屆,Nouns
第一次,Nouns
第一級,Nouns
第一課,Nouns
第二個,Nouns
第二名,Nouns
筆,Nouns
筆友,Nouns
筆名,Nouns
筆談,Nouns
筆錄,Nouns
筆電,Nouns
等,Quantifiers
等一下,Mood Particles
等分,Nouns
等待,Verbs
等於,Adjectives
等比,Nouns
等等,Mood Particles
等級,Nouns
筋骨,Nouns
筍,Pronouns
答應,Nouns
答案,Nouns
答禮,Nouns
答覆,Nouns
答謝,Nouns
答辯,Nouns
筵席,Verbs
筷子,Emphasis Words
算,Verbs
算了,Nouns
算術,Nouns
管子,Nouns
管教,Nouns
管理,Nouns
管理學院,Nouns
箭靶,Nouns
箭頭,Nouns
箱子,Nouns
節,Temporal Words
節儉,Adjectives
節哀順變,Expressions
節拍,Nouns
節目,Nouns
節省,Adjectives
範例,Nouns
範圍,Nouns
範本,Nouns
篇幅,Nouns
篇章,Nouns
簡介,Nouns
簡分數,Adjectives
簡化,Nouns
簡單,Nouns
簡報,Adjectives
簡字,Nouns
簡歷,Nouns
簡稱,Nouns
簡章,Nouns
簡訊,Nouns
簽到,Verbs
簽名,Verbs
簽收,Verbs
簽章,Verbs
簽約,Verbs
簽證,Nouns
簿本,Nouns
簿記,Nouns
籃子,Nouns
籃球,Nouns
籌備,Nouns
籌劃,Nouns
籍貫,Nouns
米,Nouns
米漿,Nouns
米粉,Nouns
米糕,Nouns
米腸,Nouns
粉,Nouns
粉刷,Verbs
粉筆,Nouns
粉紅,Adjectives
粉紅色,Adjectives
粗俗,Adjectives
粗壯,Adjectives
粗工,Nouns
粗心,Adjectives
粗心大意,Adjectives
粗暴,Adjectives
粗糙,Adjectives
粗細,Nouns
粗茶淡飯,Nouns
粗重,Nouns
粘貼,Adjectives
粥,Adjectives
粽子,Adjectives
精品,Adjectives
精密,Adjectives
精巧,Nouns
精簡,Adjectives
精細,Adjectives
精良,Adjectives
精華,Nouns
精誠,Nouns
精進,Verbs
精雕細琢,Adjectives
糖,Nouns
糖尿病,Nouns
糖果,Nouns
系,Nouns
系列,Nouns
系統,Verbs
糾正,Nouns
糾紛,Nouns
紀念,Nouns
紀錄,Nouns
紀錄片,Nouns
約,Adjectives
紅利,Adjectives
紅包,Adjectives
紅十字會,Nouns
紅毛樓,Nouns
紅綠燈,Nouns
紅綠燈遊戲,Nouns
紅色,Adjectives
紅茶,Nouns
紅蘿蔔,Nouns
紅血球,Nouns
紅豆湯,Nouns
紅豆餅,Nouns
紊亂,Temporal Words
紋理,Nouns
紋路,Nouns
紋身貼紙,Nouns
納稅,Nouns
紐約,Verbs
紓困,Nouns
純潔,Nouns
純粹,Adjectives
純金,Adjectives
紙,Adjectives
紙上談兵,Nouns
紙幣,Nouns
紙張,Nouns
紙醉金迷,Nouns
級任,Nouns
紛爭,Nouns
紛紛,Scope Words
素,Adjectives
素丸,Nouns
素描,Nouns
素昧平生,Nouns
素食,Adjectives
素養,Adjectives
索取,Verbs
索引,Nouns
索賠,Verbs
紫,Nouns
紫外線,Nouns
紫色,Nouns
累,Adjectives
累犯,Adjectives
累積,Adjectives
細胞,Nouns
細菌,Nouns
細雨,Nouns
紳士,Nouns
終了,Temporal Words
終於,Emphasis Words
終日,Temporal Words
終止,Verbs
終生,Nouns
終身大事,Nouns
終點,Temporal Words
組,Nouns
組合,Nouns
組團,Nouns
組成,Verbs
組織,Verbs
組閣,Verbs
絆倒,Nouns
結合,Verbs
結婚,Verbs
結實,Nouns
結業,Nouns
結構,Nouns
結算,Verbs
結紮,Verbs
結論,Nouns
結餘,Nouns
絕交,Verbs
絕嗣,Verbs
絕對,Adjectives
絕望,Adjectives
絕無僅有,Nouns
絕症,Adjectives
絕跡,Adjectives
絕路,Adjectives
絕食,Verbs
絞痛,Verbs
絞盡腦汁,Temporal Words
絡繹不絕,Adjectives
絢爛,Adjectives
絢麗,Verbs
給,Verbs
給予,Pronouns
統一,Nouns
統治,Nouns
統計學,Nouns
絲,Nouns
絲毫,Nouns
絲絨,Nouns
絲綢,Nouns
絲線,Nouns
絲織品,Nouns
絲被,Nouns
絲襪,Nouns
絲路,Nouns
綁,Verbs
綁匪,Nouns
綁架,Verbs
綁票,Nouns
綁頭髮,Verbs
經商,Nouns
經常,Verbs
經度,Frequency Words
經歷,Nouns
經濟,Nouns
經濟學系,Nouns
經濟部,Nouns
經營,Nouns
經費,Quantifiers
經過,Temporal Words
經驗,Nouns
綜合,Nouns
綜括,Nouns
綜觀,Nouns
綠,Adjectives
綠化,Nouns
綠卡,Adjectives
綠燈,Adjectives
綠色,Nouns
綠茶,Nouns
綠藻,Nouns
綠野,Nouns
綢緞,Nouns
維修,Verbs
維持,Verbs
維生素,Nouns
維護,Verbs
綱目,Nouns
綱要,Nouns
網,Nouns
網際網路,Nouns
網頁,Nouns
綺麗,Adjectives
綻放,Adjectives
綿密,Adjectives
綿延,Adjectives
綿羊,Nouns
緊,Adjectives
緊促,Adjectives
緊張,Adjectives
緊縮,Nouns
緋聞,Nouns
緒言,Nouns
緒論,Nouns
緘默,Adjectives
線,Nouns
線條,Nouns
線民,Nouns
線索,Verbs
緝拿,Verbs
緝捕,Verbs
締盟,Verbs
締約,Nouns
締結,Nouns
緣故,Causal Conjunctions
緣起,Nouns
編列,Verbs
編審,Verbs
編撰,Verbs
編製,Verbs
編譯,Verbs
編輯,Verbs
緩刑,Temporal Words
緩召,Temporal Words
緩和,Adverbs
緩急,Temporal Words
緩衝,Nouns
緬懷,Nouns
緬甸,Verbs
練功,Verbs
練習,Verbs
練達,Verbs
縣,Quantifiers
縣界,Nouns
縫,Verbs
縫合,Verbs
縫紉,Verbs
縫補,Verbs
縮小,Verbs
縮水,Verbs
縮短,Verbs
縱容,Verbs
縱橫,Nouns
縱火,Nouns
縱貫,Verbs
總務,Nouns
總是,Adverbs
總算,Nouns
總統,Nouns
總而言之,Totalives
總計,Nouns
績效,Adjectives
繁忙,Adjectives
繁文縟節,Nouns
繁榮,Adjectives
繁殖,Adjectives
繁重,Nouns
繃帶,Nouns
織女星,Verbs
繕寫,Nouns
繡花,Nouns
繡補,Nouns
繩子,Nouns
繩索,Nouns
繪圖,Nouns
繪畫,Nouns
繫安全帶,Verbs
繳稅,Verbs
繳費,Verbs
繼任,Verbs
繼承,Verbs
繼續,Verbs
繽紛,Adjectives
續約,Nouns
纏綿,Nouns
纏繞,Nouns
纖細,Nouns
纖維,Nouns
缺,Nouns
缺乏,Adjectives
缺少,Nouns
缺席,Nouns
缺貨,Adjectives
缺陷,Nouns
缺點,Nouns
罐頭,Nouns
罕有,Adjectives
罕見,Adjectives
罪大惡極,Adjectives
罪嫌,Nouns
罪惡,Nouns
罪有應得,Adjectives
罪犯,Nouns
罪證,Nouns
置之不理,Mood Particles
置信,Verbs
置產,Nouns
置評,Verbs
罰,Nouns
罰款,Verbs
罰站,Verbs
罵,Nouns
罵街,Verbs
罷免,Verbs
罷工,Nouns
罹患,Nouns
罹難,Verbs
羈留,Nouns
羈絆,Nouns
羊,Nouns
羊毛,Nouns
羊水,Nouns
美,Adjectives
美中不足,Question Adverbs
美勞,Nouns
美化,Verbs
美味,Adjectives
美國,Nouns
美容,Nouns
美容院,Nouns
美感,Adjectives
美景,Nouns
美滿,Adjectives
美育,Nouns
美術,Adjectives
美術館,Nouns
美觀,Emotion Particles
美貌,Emotion Particles
羞慚,Emotion Particles
群眾,Nouns
群育,Nouns
羨慕,Adjectives
義不容辭,Adjectives
義務,Nouns
義大利,Nouns
義大利麵,Nouns
義工,Nouns
義正詞嚴,Adjectives
義氣,Nouns
義演,Nouns
義賣,Nouns
羹,Nouns
羽毛,Nouns
羽毛球,Nouns
羽球,Nouns
翁,Nouns
翅膀,Nouns
習俗,Adverbs
習性,Verbs
習慣,Verbs
翻印,Verbs
翻案,Verbs
翻牌,Verbs
翻譯,Verbs
翻譯者,Nouns
翻跟斗,Verbs
翻身,Verbs
翼,Nouns
老,Pronouns
老三,Pronouns
老么,Pronouns
老二,Nouns
老人,Nouns
老公,Nouns
老化,Nouns
老大,Nouns
老婆,Nouns
老實,Nouns
老師,Nouns
老年,Nouns
老練,Nouns
考,Verbs
考卷,Nouns
考取,Verbs
考場,Nouns
考察,Nouns
考核,Nouns
考績,Nouns
考試,Nouns
考驗,Nouns
而且,Coordinating Conjunction
耍寶,Emphasis Words
耍詐,Emphasis Words
耍賴,Emphasis Words
耐勞,Adjectives
耐寒,Adjectives
耐心,Adjectives
耐性,Adjectives
耐煩,Verbs
耕田,Verbs
耕耘,Verbs
耗損,Nouns
耗竭,Nouns
耳朵痛,Nouns
耳環,Nouns
耳罩,Nouns
耳聽八方,Nouns
耳聾,Nouns
耳鳴,Nouns
耽擱,Nouns
耽誤,Nouns
耿直,Adjectives
耿耿於懷,Adjectives
聆聽,Verbs
聊天,Nouns
聖火,Nouns
聖誕,Nouns
聖誕樹,Nouns
聖誕節,Nouns
聖誕老人,Nouns
聖誕老公公,Nouns
聖誕襪,Nouns
聘書,Verbs
聘用,Nouns
聘禮,Verbs
聘請,Nouns
聘金,Verbs
聚精會神,Nouns
聚集,Verbs
聚餐,Nouns
聞,Verbs
聞名,Nouns
聞訊,Nouns
聯合,Nouns
聯合國,Nouns
聯想,Nouns
聯歡會,Nouns
聯絡,Nouns
聯絡簿,Adjectives
聰明,Verb
聲援,Adjectives
聲明,Nouns
聲望,Nouns
聲音,Nouns
職務,Nouns
職業,Verbs
職稱,Adjectives
職責,Nouns
聽損,Pronouns
聽損小孩,Pronouns
聽故事,Verbs
聽眾,Nouns
聽見,Verbs
聽說,Verbs
聽講,Verbs
聽障,Nouns
聽障小孩,Nouns
聾,Nouns
聾人,Nouns
聾小孩,Nouns
聾童,Nouns
肄業,Nouns
肅靜,Nouns
肇事,Nouns
肉,Nouns
肉圓,Nouns
肌肉,Adjectives
肌膚,Nouns
肚量Ⅱ,Nouns
肛門,Nouns
肝,Nouns
肝炎,Nouns
肝癌,Nouns
肝臟,Nouns
肝蛭,Nouns
股利,Nouns
股息,Nouns
股東,Nouns
股票,Nouns
肢障,Nouns
肢體,Nouns
肥,Nouns
肥料,Nouns
肥沃,Nouns
肥皂,Nouns
肥肉,Nouns
肥胖,Nouns
肩膀,Verbs
肩負,Nouns
肯,Adjectives
肯定,Nouns
肯德基,Nouns
育,Nouns
育嬰,Nouns
育嬰假,Nouns
育苗,Nouns
肺炎,Nouns
肺病,Nouns
肺癌,Nouns
肺結核,Nouns
肺臟,Nouns
胃,Nouns
胃下垂,Nouns
胃口,Nouns
胃炎,Nouns
胃病,Nouns
胃癌,Nouns
胃鏡,Nouns
背信,Nouns
背信忘義,Nouns
背包,Nouns
背叛,Nouns
背後,Nouns
背心,Nouns
背部,Nouns
背離,Nouns
背面,Nouns
胎兒,Nouns
胎教,Nouns
胎氣,Nouns
胎盤,Nouns
胖,Adjectives
胖老爹炸雞,Nouns
胡亂,Adjectives
胡椒,Nouns
胡說,Nouns
胡說八道,Nouns
胡鬧,Nouns
胰島素,Nouns
胰腺,Nouns
胰臟,Nouns
胳膊,Nouns
胳臂,Nouns
胸懷,Nouns
胸罩,Nouns
胸腔,Verbs
胸膛,Nouns
能夠,Verbs
能幹,Adjectives
能源,Nouns
能耐,Adjectives
能言善道,Adjectives
脂肪,Nouns
脅迫,Verb
脆弱,Adjective
脆脆的,Adverb
脈動,Nouns
脈搏,Nouns
脈絡,Nouns
脊椎骨,Nouns
脊髓,Nouns
脖子,Nouns
脣裂,Pronouns
脣齒相依,Idiom
脫水,Adjective
脫產,Idiom
脫穎而出,Idiom
脫胎換骨,Verb
脫臼,Verb
脫逃,Verbs
脫鞋,Verbs
脾氣,Adjectives
脾臟,Nouns
腋下,Nouns
腋窩,Nouns
腎,Nouns
腎上腺,Nouns
腎結石,Nouns
腎臟,Nouns
腐爛,Adjectives
腐舊,Adjectives
腐蝕,Adjectives
腥味,Adjectives
腥臭,Nouns
腦力激盪,Nouns
腦溢血,Nouns
腦炎,Nouns
腦瘤,Adjectives
腦筋,Nouns
腦筋好,Nouns
腦震盪,Adjectives
腫瘤,Verb
腰,Nouns
腰圍,Nouns
腰帶,Nouns
腳,Nouns
腳步,Nouns
腳踏實地,Nouns
腳踏車,Nouns
腸子,Nouns
腸炎,Nouns
腸胃,Nouns
腹痛,Nouns
腹脹,Nouns
腹膜炎,Nouns
腿,Nouns
膀胱,Nouns
膏藥,Nouns
膚淺,Nouns
膜拜,Nouns
膝蓋,Nouns
膠布,Adjectives
膠帶,Nouns
膠水,Nouns
膽寒,Emphasis Words
膽怯,Emphasis Words
膽量,Nouns
臃腫,Adjectives
臉,Nouns
臉書,Nouns
臉皮厚,Adjectives
臉紅,Nouns
臉色,Adjectives
臉色紅潤,Nouns
臉色蒼白,Nouns
臍帶,Nouns
臥房,Nouns
臥病,Nouns
臨危,Temporal Words
臨床,Nouns
臨死,Temporal Words
臨盆,Temporal Words
自主,Temporal Words
自作聰明,Adjectives
自信,Nouns
自助,Adjectives
自助餐,Nouns
自動,Nouns
自動取款機,Adjectives
自動扶梯,Nouns
自動提款機,Nouns
自動櫃員機,Nouns
自卑,Pronouns
自大,Adjectives
自尊,Adjectives
自己,Adjectives
自強不息,Pronouns
自愛,Adjectives
自救,Adjectives
自欺欺人,Adjectives
自殺,Adjectives
自然,Adjectives
自然而然,Adjectives
自由,Adjectives
自由式,Adjectives
自私,Pronouns
自立,Adjectives
自立自強,Adjectives
自習,Adjectives
自行車,Adjectives
自謙,Nouns
自責,Adjectives
自費,Pronouns
自述,Adjectives
自閉症,Nouns
自願,Adjectives
自食其力,Adjectives
自首,Verbs
臭,Adjectives
臭罵,Adjectives
臭臭的,Temporal Words
至今,Quantifiers
至少,Coordinating Conjunctions
至於,Nouns
至聖,Verbs
致意,Verbs
致敬,Verbs
致謝,Verbs
致賀,Nouns
臺幣,Nouns
臺灣,Nouns
臺階,Nouns
舅媽,Nouns
舅舅,Adjectives
與世無爭,Emotion Particles
興盛,Nouns
興趣,Nouns
興高采烈,Adjectives
舉例,Pronouns
舉手,Pronouns
舉行,Verbs
舉辦,Verbs
舊,Adjectives
舊情,Nouns
舊曆,Nouns
舊案,Nouns
舌,Nouns
舌鋒,Nouns
舌頭,Nouns
舍下,Nouns
舒服,Nouns
舞台,Nouns
舞弊,Nouns
舞會,Nouns
舞蹈,Nouns
舟,Verbs
舟車,Nouns
航海,Nouns
航程,Nouns
航空,Nouns
航空站,Nouns
航運,Nouns
船,Nouns
船票,Nouns
船艦,Nouns
船隻,Nouns
良善,Adjectives
良好,Adjectives
良師益友,Nouns
良心,Adjectives
良機,Nouns
良莠不齊,Adjectives
良藥苦口,Adjectives
艱苦,Adjectives
艱鉅,Adjectives
艱難,Nouns
色,Nouns
色彩,Nouns
色情,Nouns
色慾,Nouns
色澤,Nouns
色鉛筆,Nouns
芒果,Nouns
芥末,Nouns
芭樂,Nouns
花,Nouns
花園,Nouns
花房,Nouns
花枝丸,Nouns
花枝招展,Nouns
花樣,Nouns
花燈,Nouns
花環,Nouns
花生,Nouns
花盆,Nouns
花籃,Nouns
花蓮,Nouns
花蜜,Nouns
花言巧語,Nouns
花車,Nouns
花錢,Nouns
苗條,Adjectives
苛刻,Adjectives
苛求,Adjectives
苛責,Adjectives
若是,Conditional Words
若無其事,Temporal Words
苦,Adjectives
苦口,Adjectives
苦心,Adjectives
苦悶,Adjectives
苦惱,Nouns
苦瓜,Adjectives
苦苦的,Nouns
苦衷,Nouns
英俊,Nouns
英勇,Nouns
英國,Nouns
英文,Nouns
英文課,Nouns
英明,Nouns
茫茫,Adjectives
茶,Nouns
茶會,Nouns
茹苦含辛,Adjectives
草,Nouns
草原,Nouns
草圖,Nouns
草地,Nouns
草案,Nouns
草率,Adjectives
草稿,Nouns
草莓,Nouns
荊棘,Nouns
荒唐,Nouns
荒涼,Nouns
荒草,Adjectives
荔枝,Nouns
荷花,Nouns
莊嚴,Adjectives
莊重,Nouns
莫名其妙,Nouns
莽撞,Nouns
菁英,Adjectives
菁華,Nouns
菊花,Nouns
菜,Nouns
菜單,Nouns
菜圃,Nouns
菜市場,Nouns
菜攤,Nouns
菠菜,Nouns
華人,Pronouns
華僑,Pronouns
華麗,Adjectives
菱角,Nouns
菲律賓,Nouns
菸草,Nouns
菸葉,Adverbs
萌生,Nouns
萌芽,Nouns
萬,Nouns
萬丈深淵,Nouns
萬世師表,Nouns
萬全,Nouns
萬壽無疆,Nouns
萬巒豬腳,Nouns
萬眾一心,Causal Conjunctions
萬紫千紅,Adjectives
萬聖節,Temporal Words
萬能,Adjectives
萬花筒,Nouns
萬象更新,Temporal Words
萬里長城,Nouns
落伍,Adjectives
葉子,Nouns
葉綠素,Nouns
葉落歸根,Adjectives
著作,Nouns
著名,Adjectives
著急,Adverbs
著想,Adverbs
著手,Adverbs
著火,Adverbs
著迷,Nouns
葡萄,Nouns
葡萄柚,Nouns
葡萄糖,Nouns
葡萄酒,Verbs
葬,Nouns
葬禮,Nouns
葵花油,Nouns
蒐集,Nouns
蒙受,Adjectives
蒙難,Adjectives
蒜泥,Nouns
蒜苗,Nouns
蒜頭,Nouns
蒲公英,Nouns
蒸汽機,Nouns
蒸發,Verbs
蒸籠,Nouns
蒼天,Nouns
蒼山翠谷,Nouns
蒼老,Nouns
蒼蠅,Nouns
蓄電池,Verbs
蓋世英雄,Nouns
蓋印,Nouns
蓋章,Adjectives
蓑笠,Pronouns
蓑衣,Adjectives
蓮子,Nouns
蓮花,Nouns
蓮蓬,Nouns
蓮藕,Nouns
蓮霧,Nouns
蓽路藍縷,Nouns
蔑視,Verb
蔓延,Verb
蔓草,Nouns
蔗板,Nouns
蔗田,Nouns
蔗糖,Nouns
蔚為風氣,Nouns
蔚藍,Nouns
蔥,Nouns
蔥抓餅,Nouns
蔥綠,Nouns
蔥頭,Nouns
蔬果,Nouns
蔬菜,Nouns
蔭涼,Nouns
蔽塞,Nouns
蕉農,Nouns
蕙質蘭心,Nouns
蕩氣迴腸,Adjectives
蕩舟,Verbs
蕭條,Adjectives
蕭規曹隨,Adjectives
薄,Pronouns
薄弱,Adjectives
薄情,Adjectives
薄暮,Temporal Words
薄禮,Nouns
薄衣,Nouns
薑,Nouns
薑母鴨,Nouns
薦任,Nouns
薦拔,Nouns
薪俸,Nouns
薪傳,Nouns
薪水,Adjectives
薯條,Nouns
薰陶,Nouns
藍靛,Nouns
藍領階級,Nouns
藏族,Nouns
藏書,Nouns
藏污納垢,Nouns
藏身,Nouns
藐小,Adjectives
藐視,Nouns
藕斷絲連,Nouns
藕粉,Nouns
藝文,Nouns
藝術,Nouns
藤條,Nouns
藤椅,Nouns
藥,Nouns
藥丸,Nouns
藥師,Nouns
藥方,Nouns
藥材,Nouns
藥水,Nouns
藥粉,Nouns
藥膏,Nouns
蘆筍,Nouns
蘆薈,Nouns
蘇丹,Nouns
蘇俄,Nouns
蘊藏,Nouns
蘋果,Nouns
蘋果手機,Nouns
蘭嶼,Nouns
蘭花,Nouns
蘿蔔,Nouns
蘿蔔乾,Nouns
蘿蔔糕,Nouns
虎,Nouns
虎口,Nouns
虎將,Nouns
虎牙,Nouns
虎頭蛇尾,Nouns
虐待,Nouns
虔誠,Verbs
處,Adjectives
處世,Nouns
處事,Nouns
處境,Nouns
處女,Nouns
處理,Nouns
處罰,Verbs
處變不驚,Nouns
虛偽,Adjectives
虛心,Adjectives
虛懷若谷,Adjectives
虛榮,Adjectives
號召,Verbs
號外,Verbs
號碼,Nouns
號誌,Nouns
虧待,Adjectives
虧損,Adjectives
虧本,Adjectives
虧欠,Adjectives
虧空,Adjectives
虱目魚,Nouns
虹,Nouns
蚊子,Nouns
蚊帳,Nouns
蚊蠅,Nouns
蚊香,Nouns
蚌,Nouns
蛇蠍,Nouns
蛇行,Nouns
蛋,Nouns
蛋捲,Nouns
蛋殼,Nouns
蛋白,Nouns
蛋白質,Nouns
蛋糕,Nouns
蛋花湯,Nouns
蛋餅,Nouns
蛋黃,Nouns
蛔蟲,Nouns
蛙式,Nouns
蛛絲馬跡,Nouns
蛤,Nouns
蛤蜊,Nouns
蜀漢,Nouns
蜀繡,Nouns
蜂王漿,Nouns
蜂蜜,Nouns
蜂鳥,Nouns
蜈蚣,Nouns
蜘蛛,Nouns
蜜蜂,Nouns
蜻蜓,Nouns
蝌蚪,Nouns
蝕本,Nouns
蝗蟲,Nouns
蝦,Nouns
蝦丸,Nouns
蝦子,Nouns
蝦捲,Nouns
蝨,Nouns
蝨子,Nouns
蝴蝶,Nouns
蝴蝶結,Nouns
蝴蝶結,Nouns
蝶式,Nouns
蝸牛,Nouns
螃蟹,Verbs
融化,Verbs
融合,Verbs
融會貫通,Verbs
融洽,Verbs
融解,Nouns
螞蟻,Nouns
螢火蟲,Nouns
螳螂捕蟬,Nouns
蟋蟀,Nouns
蟑螂,Nouns
蟬,Nouns
蟲,Nouns
蟹行文字,Nouns
蟾蜍,Nouns
蠟像館,Nouns
蠟果,Nouns
蠟燭,Nouns
蠟筆,Nouns
蠶寶寶,Nouns
蠶絲,Nouns
蠶繭,Nouns
蠶蛹,Nouns
蠶豆,Nouns
蠻橫,Nouns
蠻荒,Nouns
血,Adjectives
血型,Nouns
血壓,Nouns
血小板,Nouns
血氣方剛,Nouns
血汗,Nouns
血液,Nouns
血漿,Nouns
血管,Nouns
血糖,Nouns
血緣,Nouns
行,Emphasis Words
行事曆,Nouns
行使,Nouns
行列,Verbs
行動,Nouns
行動電話,Verbs
行家,Nouns
行情,Nouns
行政院,Nouns
行文,Nouns
行星,Verbs
行李,Nouns
行為,Nouns
行程,Nouns
行規,Nouns
行走,Verbs
行蹤,Nouns
行車,Nouns
行駛,Nouns
術科,Nouns
術語,Nouns
街市,Nouns
街機,Nouns
街道,Nouns
街頭巷尾,Nouns
衛兵,Nouns
衛星,Nouns
衛生,Nouns
衛生棉,Nouns
衛生福利部,Nouns
衛生紙,Nouns
衝動,Adjectives
衝突,Nouns
衡量,Nouns
衣料,Nouns
衣服,Nouns
衣架,Nouns
衣裳,Nouns
衣錦還鄉,Nouns
衣食住行,Nouns
表,Nouns
表姊,Nouns
表情,Nouns
表揚,Nouns
表格,Nouns
表演,Verbs
表現,Verbs
表示,Verbs
表裡如一,Adjectives
表達,Verbs
衰弱,Adjectives
衰敗,Adjectives
衰老,Adjectives
衷情,Nouns
袋鼠,Nouns
袍澤,Nouns
袒胸露背,Adjectives
袒護,Adjectives
袖子,Adjectives
袖手旁觀,Adjectives
袖珍,Nouns
袖珍本,Nouns
被,Nouns
被動,Nouns
被告,Nouns
被套,Verbs
被子,Verbs
被害,Nouns
被發現,Verbs
裁判,Nouns
裁員,Nouns
裁縫,Nouns
裂痕,Nouns
裂縫,Nouns
裂開,Verbs
裙子,Nouns
裙帶關係,Nouns
補,Verbs
補假,Verbs
補償,Nouns
補助,Nouns
補品,Nouns
補救,Verbs
補習,Verbs
補考,Nouns
補課,Nouns
補選,Verbs
裝修,Nouns
裝備,Nouns
裝模作樣,Verbs
裝水,Nouns
裝訂,Verbs
裝配,Nouns
裝飾,Verbs
裡,Nouns
裡應外合,Coordinating Conjunctions
裡面,Nouns
裱褙,Nouns
裸露,Adjectives
裸體,Adjectives
裹傷,Verb
裹足不前,Nouns
製作人,Nouns
製圖,Nouns
製版,Nouns
製造,Nouns
複利,Adjectives
複印,Nouns
複姓,Nouns
複審,Nouns
複寫紙,Nouns
複數,Nouns
複製品,Adjectives
複診,Nouns
褫奪公權,Nouns
褲子,Nouns
褲子口袋,Nouns
褲襪,Nouns
襄助,Nouns
襄理,Nouns
襪子,Nouns
襪子脫掉,Verbs
襯衫,Nouns
襯裙,Nouns
襲擊,Verbs
西,Nouns
西班牙,Nouns
西瓜,Nouns
西裝,Mood Particles
西醫,Nouns
西餐,Nouns
要,Nouns
要不要,Nouns
要件,Nouns
要塞,Adverbs
要求,Nouns
要緊,Verbs
覆議,Verbs
見,Nouns
見效,Adjectives
見異思遷,Adjectives
見義勇為,Adjectives
見習,Nouns
見聞,Nouns
見解,Nouns
見識,Nouns
見錢眼開,Adjectives
見面,Nouns
規則,Nouns
規劃,Nouns
規律,Nouns
規格,Nouns
規模,Nouns
規矩,Nouns
規範,Nouns
覓保,Nouns
視力,Nouns
視死如歸,Nouns
視神經,Nouns
視窗,Nouns
視訊,Nouns
視野狹窄,Adjectives
視障,Nouns
親信,Nouns
親切,Adjectives
親友,Nouns
親子共讀本,Nouns
親子館,Nouns
親密,Adjectives
親情,Nouns
親愛,Emphasis Words
親戚,Nouns
親手,Nouns
親熱,Adjectives
親生,Nouns
親臨,Adjectives
親近,Nouns
覺得,Verbs
覺悟,Verbs
覺醒,Verbs
觀光,Nouns
觀察,Verbs
觀念,Nouns
觀感,Nouns
觀眾,Nouns
觀賞,Nouns
角,Nouns
角力,Nouns
角度,Nouns
角膜,Nouns
角色扮演,Nouns
角落,Nouns
解剖,Verbs
解救,Verbs
解散,Verbs
解毒,Verbs
解決,Verbs
解渴,Verbs
解答,Verbs
解約,Verbs
解釋,Verbs
觸景生情,Verbs
觸覺,Temporal Words
觸角,Nouns
觸電,Nouns
言多必失,Nouns
言語,Nouns
言論,Pronouns
言過其實,Nouns
訂報,Verbs
訂婚,Verbs
訂正,Verbs
訂約,Verbs
訂貨,Verbs
訂購,Verbs
訃聞,Nouns
計分,Verbs
計時,Verbs
計畫,Nouns
計程車,Nouns
計策,Verbs
計算,Verbs
計謀,Nouns
訊息,Verbs
討債,Verbs
討價,Verbs
討厭,Verbs
討帳,Nouns
討教,Verbs
討論,Verbs
訓導處,Verbs
訓練,Nouns
託付,Nouns
託管,Nouns
託運,Nouns
記事,Nouns
記功,Verbs
記帳,Verbs
記得,Verbs
記念,Nouns
記憶,Nouns
記憶棋,Nouns
記者,Nouns
記述文,Nouns
記過,Verbs
記錄,Verbs
記錄本,Nouns
訛傳,Nouns
訛詐,Nouns
訪問,Verbs
訪談,Nouns
設備,Nouns
設定,Verbs
設施,Verbs
設法,Nouns
設立,Nouns
設計,Adverbs
許,Quantifiers
許久,Temporal Words
許可証,Nouns
許多,Quantifiers
許配,Nouns
許願,Verbs
訴求,Verbs
訴苦,Verbs
訴訟,Verbs
診所,Nouns
診斷,Verbs
診治,Verbs
註冊,Verbs
註解,Nouns
註銷,Verbs
詐欺,Verbs
詐死,Nouns
詐降,Verbs
詐騙,Nouns
評價,Nouns
評分,Nouns
評判,Nouns
評審,Verbs
評理,Nouns
評語,Verbs
評鑑,Nouns
詞,Nouns
詞不達意,Nouns
詞典,Nouns
詞句,Nouns
詞彙,Nouns
詢問,Question Pronouns
試卷,Nouns
試用,Adjectives
試試看,Adverbs
試驗,Verbs
詩,Nouns
詩人,Nouns
詩情畫意,Nouns
詩經,Adjectives
詩辭歌賦,Adjectives
詫異,Adjectives
詭計,Emphasis Words
話,Emphasis Words
認為,Verbs
認真,Adverbs
認知,Nouns
認識,Nouns
認輸,Verbs
認錯,Verbs
認領,Verbs
認養,Verbs
誓不兩立,Nouns
誓師,Nouns
誓約,Nouns
誓言,Nouns
誕生,Nouns
誕辰,Nouns
誘惑,Nouns
誘拐,Nouns
誘騙,Nouns
語句,Nouns
語彙,Nouns
語文,Verbs
語文區,Verbs
語法,Verbs
語言,Nouns
語重心長,Nouns
誠信,Nouns
誠實,Adjectives
誠懇,Adjectives
誡律,Nouns
誣告,Verbs
誣蔑,Verbs
誣陷,Verbs
誤傷,Verbs
誤入歧途,Verb
誤判,Verb
誤會,Verb
誤解,Verb
誨人不倦,Adjectives
說,Verbs
說出來,Verbs
說故事,Verbs
說教,Nouns
說明,Nouns
說服,Nouns
課業,Nouns
課程,Nouns
課表,Nouns
課題,Nouns
誹謗,Nouns
調味料,Nouns
調和,Nouns
調換,Nouns
調整,Nouns
調查,Nouns
調節,Nouns
調職,Nouns
調適,Nouns
調配,Nouns
調養,Verbs
諄諄教誨,Verbs
談判,Verbs
談天,Verbs
談話,Verbs
談論,Verbs
請,Verbs
請帖,Nouns
請教,Verbs
請求,Verbs
請罪,Verbs
請願,Nouns
諒解,Mood Particles
論壇,Nouns
論文,Nouns
論理,Nouns
諮商,Nouns
諮詢,Nouns
諱疾忌醫,Adjectives
諱言,Nouns
諷刺,Nouns
諸子百家,Nouns
諺語,Nouns
諾言,Adjectives
諾貝爾,Nouns
謀害,Nouns
謀殺,Verbs
謀生,Verbs
謊話,Verbs
謎底,Nouns
謎語,Nouns
謙虛,Adjectives
謙讓,Nouns
講,Verbs
講信修睦,Nouns
講師,Nouns
講演,Verbs
講理,Verbs
講義,Nouns
講解,Verbs
講話,Nouns
講課,Nouns
謝師宴,Nouns
謝禮,Mood Particles
謝絕,Nouns
謝謝,Adverbs
謠言,Nouns
謹慎,Nouns
證件,Verbs
證券,Verbs
證婚,Verbs
證實,ProofWords
證據,Nouns
證明,Nouns
譏笑,Verbs
譏諷,Verbs
識別證,Nouns
識字,Adjectives
識破,Verbs
識貨,Adjectives
警告,Nouns
警報,Nouns
警察,Nouns
警察局,Nouns
警惕,Verbs
警戒,Verbs
警衛室,Nouns
警覺,Adjectives
警車,Nouns
警鈴,Verbs
譬喻,Nouns
譬如,Nouns
議價,Verbs
議和,Nouns
議會,Nouns
護身符,Nouns
護送,Verbs
讀,Verbs
讀唇,Nouns
讀書,Nouns
變,Verbs
變動,Nouns
變化,Nouns
變卦,Nouns
變壓器,Nouns
變形,Nouns
變形金剛,Nouns
變心,Verbs
變態,Nouns
變成,Verbs
變換,Nouns
變數,Verbs
變聾,Nouns
變色龍,Verbs
變速,Nouns
變遷,Nouns
讒媚,Verbs
讒言,Nouns
讓座,Coordinating Conjunctions
讓路,Coordinating Conjunctions
讚揚,Verbs
讚美,Verbs
谷口,Nouns
谷底,Nouns
谷歌搜尋引擎,Nouns
谿谷,Nouns
豁免權,Nouns
豁達,Adjectives
豆,Nouns
豆漿,Nouns
豆腐,Nouns
豆花,Nouns
豆蔻年華,Nouns
豎琴,Temporal Words
豎立,Nouns
豐功偉業,Adjectives
豐原,Nouns
豐富,Nouns
豐年慶,Adjectives
豐收,Adjectives
豐滿,Nouns
豐衣足食,Mood Particles
豔陽,Adjectives
豔麗,Adjectives
象形,Nouns
象徵,Nouns
象棋,Nouns
象牙,Nouns
豪傑,Adjectives
豪放,Adjectives
豪華,Adjectives
豪邁,Adjectives
豬,Nouns
豬窩,Nouns
豬腳麵線,Nouns
豬血糕,Nouns
豹,Nouns
豹死留皮,Nouns
貓,Nouns
貓熊,Nouns
貓頭鷹,Nouns
貝,Nouns
貝殼,Nouns
負心,Nouns
負心漢,Pronouns
負擔,Nouns
負荊請罪,Nouns
負荷,Nouns
負責,Verbs
負電,Nouns
財務,Nouns
財務金融學系,Nouns
財富,Nouns
財政,Nouns
財法系,Nouns
財源,Nouns
財產,Nouns
財經法律學系,Nouns
財運,Nouns
財金系,Nouns
貢丸,Nouns
貢品,Nouns
貢獻,Nouns
貨款,Nouns
貨物,Nouns
貨真價實,Adjectives
貨車,Nouns
貨運,Nouns
販毒,Nouns
販賣,Nouns
貪圖,Adjectives
貪婪,Nouns
貪官污吏,Adjectives
貪心,Nouns
貪污,Nouns
貪贓枉法,Nouns
貫徹,Nouns
貫穿,Nouns
貫通,Nouns
責任,Nouns
責怪,Nouns
責罵,Nouns
貯備,Nouns
貯存,Temporal Words
貯蓄,Causal Conjunctions
貳心,Coordinating Conjunctions
貴,Nouns
貴重,Nouns
貶低,Verbs
貶值,Verbs
買,Verbs
買主,Nouns
買東西,Nouns
買玩具,Nouns
買賣,Nouns
貸方,Nouns
貸款,Verbs
費事,Verbs
費力,Verbs
費心,Verbs
費時,Verbs
費神,Verbs
貼,Verbs
貼心,Nouns
貼春聯,Nouns
貼現,Nouns
貼紙,Verbs
貼補,Nouns
貽笑大方,Nouns
貽誤,Nouns
賄賂,Nouns
資優生,Nouns
資工系,Nouns
資料,Nouns
資料袋,Nouns
資方,Nouns
資本,Nouns
資格,Nouns
資歷,Nouns
資源,Nouns
資產,Nouns
資訊,Nouns
資訊工程學系,Nouns
資遣,Nouns
資金,Nouns
賑災,Nouns
賒帳,Nouns
賓至如歸,Nouns
賜予,Verbs
賜教,Verbs
賞月,Verbs
賞罰分明,Verbs
賞臉,Verbs
賞識,Verbs
賞賜,Verbs
賠償,Nouns
賠本,Nouns
賠款,Nouns
賠罪,Nouns
賠錢,Nouns
賢妻良母,Nouns
賢惠,Adjectives
賢淑,Adjectives
賢能,Adjectives
賢良,Adjectives
賣,Adjectives
賣力,Verbs
賣命,Verbs
賣場,Verbs
賣座,Nouns
賣弄,Verbs
賣方,Nouns
賣身,Nouns
賤賣,Nouns
賦予,Nouns
賦稅,Verbs
質問,Nouns
質料,Adjectives
質疑,Adjectives
質量,Adjectives
賭博,Nouns
賭城,Nouns
賭錢,Nouns
賺錢,Nouns
購物,Nouns
購物中心,Nouns
購物量販中心,Nouns
購買,Verbs
賽跑,Nouns
賽車,Nouns
賽馬,Nouns
贈品,Nouns
贈禮,Nouns
贈送,Nouns
贈閱,Nouns
贊助,Nouns
贊成,Nouns
贊美,Verbs
贍養費,Nouns
贏,Verbs
贓物,Verbs
贖回,Nouns
贖罪,Verbs
贖身,Nouns
赤子之心,Adjectives
赤字,Nouns
赤崁樓,Nouns
赤膊,Adjectives
赤膽忠心,Adjectives
赤道,Nouns
赦免,Verbs
赫赫有名,Adjectives
走,Verbs
走了,Verbs
走動,Verbs
走失,Verbs
走平衡木,Nouns
走廊,Verbs
走投無路,Verbs
走斑馬線,Adjectives
走火入魔,Verbs
走私,Nouns
走路,Adverbs
赴宴,Adverbs
赴湯蹈火,Adverbs
起司,Nouns
起因,Nouns
起士,Nouns
起居,Nouns
起床,Verbs
起立,Verbs
起義,Verbs
起訴,Verbs
起身,Verbs
趁心如意,Emphasis Words
趁早,Adverbs
趁機,Adverbs
趁火打劫,Adverbs
超人,Nouns
超商,Nouns
超級市場,Nouns
超車,Verbs
超載,Verbs
超過,Adverbs
超重,Adverbs
超音波,Nouns
越界,Scope Words
越過,Causal Conjunctions
趕不及,Frequency Words
趕到,Coordinating Conjunctions
趕場,Adverbs
趕快,Adverbs
趕時髦,Adverbs
趕緊,Emphasis Words
趕路,Nouns
趣事,Adjectives
趣味,Adjectives
趣聞,Nouns
趨勢,Adjectives
趨吉避凶,Nouns
趨向,Adverbs
趨附,Nouns
足夠,Pronouns
足智多謀,Adverbs
足球,Nouns
足跡,Adverbs
趴下,Nouns
跋山涉水,Verbs
跋扈,Pronouns
跌倒,Verbs
跌價,Verbs
跑,Verbs
跑新聞,Verbs
跑步,Verbs
跑腿,Verbs
跑道,Nouns
跛子,Nouns
跛腳,Adjectives
距離,Nouns
跟,Temporal Words
跟班,Nouns
跟蹤,Nouns
跟隨,Nouns
跨,Verbs
跨年,Verbs
跨步,Verbs
跨海,Verbs
跨越,Verbs
跪,Nouns
路,Nouns
路徑,Nouns
路燈,Nouns
路程,Nouns
路途,Nouns
路遙知馬力,Adjectives
路面,Nouns
跳,Verbs
跳傘,Verbs
跳呼拉圈,Verbs
跳棋,Verbs
跳水,Verbs
跳票,Verbs
跳繩,Nouns
跳舞,Verbs
跳蚤,Verbs
跳遠,Verbs
跳高,Verbs
踢,Temporal Words
踢毽子,Emphasis Words
踢球,Verb Phrases
踢躂舞,Adjectives
踩,Nouns
蹤跡,Nouns
蹦蹦跳跳,Adverbs
蹧蹋,Verb
蹩腳,Adjective
蹲,Verb
蹲馬步,Verb
蹺二郎腿,Verb
蹺蹺板,Nouns
躍躍欲試,Adverb
身兼數職,Nouns
身分證,Nouns
身家清白,Nouns
身懷六甲,Nouns
身軀,Nouns
身體,Nouns
身高,Verb
躲,Nouns
躲避,Verb
躲避球,Nouns
躺,Verb
躺臥,Nouns
躺著溜滑梯,Nouns
車庫,Nouns
車票,Nouns
車禍,Nouns
車站,Nouns
車輪餅,Nouns
車馬費,Nouns
軋頭寸,Nouns
軌道,Nouns
軍,Nouns
軍事政變,Nouns
軒昂,Adjectives
軒然大波,Nouns
軟,Adjectives
軟化,Adjectives
軟弱,Adjectives
軟弱,Nouns
軟心腸,Nouns
軟片,Nouns
軟硬兼施,Adjectives
軟軟的,Nouns
軟體,Nouns
軸心,Nouns
軼事,Adjectives
軼聞,Nouns
較優,Adjectives
載客,Verbs
載歌載舞,Verbs
輓聯,Nouns
輔助,Adjectives
輔導,Verbs
輕,Adjectives
輕便雨衣,Adjectives
輕巧,Adjectives
輕描淡寫,Adjectives
輕而易舉,Adjectives
輕聲細語,Adjectives
輕舉妄動,Temporal Words
輕視,Nouns
輕輕的,Nouns
輕鬆,Nouns
輝煌,Nouns
輟學,Nouns
輪休,Verbs
輪到你,Nouns
輪到我,Nouns
輪流,Verbs
輪胎,Nouns
輸血,Verbs
輻射屋,Nouns
輾轉反側,Adverbs
輿情,Nouns
輿論,Nouns
轄區,Nouns
轉,Verbs
轉任,Verbs
轉帳,Verbs
轉播,Verbs
轉敗為勝,Verbs
轉移,Verbs
轉變,Verbs
轉讓,Verbs
轉鈕,Nouns
轎車,Verbs
轟動,Verbs
轟動一時,Verbs
轟轟烈烈,Adjectives
辛苦,Adjectives
辜負,Nouns
辣,Adjectives
辣手摧花,Nouns
辣椒,Adjectives
辦,Verbs
辦公,Nouns
辦公室,Nouns
辦年貨,Verbs
辦法,Nouns
辦理,Verbs
辨別,Verbs
辭不達意,Adverbs
辭典,Nouns
辭職,Nouns
辭行,Nouns
辭謝,Nouns
辯論,Nouns
辯護,Verbs
辱罵,Verbs
農,Verbs
農場,Nouns
農夫,Nouns
農曆,Nouns
農村,Temporal Words
迂迴,Verbs
迅速,Nouns
近,Adjectives
近來,Temporal Words
近日,Temporal Words
近朱者赤,Nouns
近水樓台,Nouns
近視,Nouns
返家,Mood Particles
返老還童,Mood Particles
迥然不同,Adjectives
迪化,Nouns
迪斯可,Nouns
迫切,Adjectives
迫在眉睫,Adjectives
迫害,Adjectives
述說,Verbs
迴紋針,Verbs
迴避,Adjectives
迷失,Adjectives
迷幻藥,Adjectives
迷惑,Adjectives
迷戀,Verbs
迷迷糊糊,Verbs
追求,Verbs
追贓,Verbs
追趕,Verbs
追蹤,Verbs
追隨,Verbs
退,Verbs
退化,Verbs
退學,Verbs
退步,Verbs
退票,Verbs
退讓,Verbs
退避三舍,Verbs
送,Verbs
送殯,Verbs
送禮物,Verbs
送行,Verbs
送醫,Verbs
逃,Verbs
逃亡,Verbs
逃學,Verbs
逃犯,Verbs
逃走,Verbs
逍遙法外,Adverbs
逍遙自在,Adverbs
透明,Nouns
透視,Nouns
透視圖,Nouns
透過,Adverbs
逐客令,Adverbs
逐步,Adverbs
逐漸,Nouns
途徑,Pronouns
逗留,Adverbs
這,Nouns
這些,Nouns
這樣,Nouns
這裡,Nouns
這麼,Nouns
通姦,Nouns
通學,Nouns
通宵,Nouns
通情達理,Nouns
通訊系,Nouns
通訊軟體,Nouns
通貨膨脹,Nouns
通過,Verbs
通順,Adjectives
通風報信,Expressions
逛街,Nouns
逝世,Verbs
逞凶,Verbs
逞強,Nouns
速度,Adjectives
速戰速決,Nouns
速食麵,Nouns
造勢,Nouns
造林,Nouns
造福,Nouns
造謠,Expressions
逢凶化吉,Expressions
逢場作戲,Nouns
逢甲大學,Expressions
連,Expressions
連任,Nouns
連帶保證,Scope Words
連接,Expressions
連環車禍,Expressions
連累,Coordinating Conjunctions
連結,Nouns
連署,Nouns
逮捕,Verbs
週一,Temporal Words
週三,Temporal Words
週二,Temporal Words
週五,Temporal Words
週六,Temporal Words
週刊,Nouns
週四,Temporal Words
週日,Temporal Words
週末,Temporal Words
週而復始,Causal Conjunctions
週轉,Nouns
進入,Verbs
進化,Adverbs
進步,Verbs
進行,Verbs
進謁,Adverbs
進退維谷,Verbs
逼真,Overdue Words
遂願,Emphasis Words
遇人不淑,Mood Particles
遇到,Verbs
遇害,Verbs
遇救,Verbs
遇缺不補,Verbs
遇見,Verbs
遊戲,Nouns
遊戲室,Nouns
遊樂場,Nouns
遊歷,Verbs
遊蕩,Verbs
遊行,Nouns
遊覽車,Nouns
遊說,Nouns
遊蹤,Nouns
運入,Nouns
運出,Nouns
運氣,Adjectives
運氣好,Adjectives
運氣差,Adjectives
運河,Nouns
運競系,Nouns
運行,Verbs
運輸,Verbs
遍地,Quantifiers
遍體鱗傷,Adjectives
過,Adjectives
過了,Temporal Words
過去,Temporal Words
過去的最近,Adjectives
過得去,Adjectives
過意不去,Verbs
過戶,Verbs
過敏,Verbs
過濾,Adjectives
過癮,Adjectives
過眼雲煙,Verbs
遏阻,Nouns
遐思,Adjectives
道地,Verbs
道德,Nouns
道歉,Nouns
道理,Nouns
道義之交,Nouns
道貌岸然,Nouns
道路,Nouns
達到,Verbs
達成,Verbs
達理,Verbs
違反,Adjectives
違法,Adjectives
違約,Adjectives
違規,Adjectives
遙遙無期,Temporal Words
遙遠,Adjectives
遜色,Emphasis Words
遞補,Nouns
遠,Adjectives
遠東,Nouns
遠見,Adjectives
遠視,Verbs
遣散,Adjectives
遣送,Adjectives
適合,Verbs
適應,Adjectives
適當,Nouns
適逢,Adjectives
遭殃,Verbs
遭遇,Verbs
遮瞞,Verbs
遮羞,Verbs
遮蓋,Verbs
遲到,Verbs
遴選,Verbs
遵守,Verbs
遵從,Verbs
遵照,Verbs
遷居,Verbs
遷移,Verbs
選,Verbs
選拔,Nouns
選擇,Nouns
遺傳,Nouns
遺失,Nouns
遺憾,Nouns
遺書,Nouns
遺棄,Adjectives
遺漏,Mood Particles
避嫌,Verbs
避孕,Verbs
避難,Verbs
避雷針,Nouns
邀請,Verbs
邁入,Verbs
邂逅,Nouns
還不錯,Adjectives
還債,Verbs
還可以,Adjectives
還好,Mood Particles
還帳,Verbs
還是,Coordinating Conjunctions
還有,Coordinating Conjunctions
還沒,Temporal Words
還願,Verbs
邊,Nouns
邊界,Nouns
邊緣,Nouns
邋遢,Question Pronouns
邏輯,Nouns
那裡,Question Pronouns
那麼,Adverbs
邦交,Nouns
邪術,Nouns
邪說,Nouns
邱,Pronouns
郊區,Nouns
郊外,Nouns
郊遊,Nouns
部分,Quantifiers
部屬,Nouns
部署,Nouns
郭,Pronouns
郵局,Nouns
郵差,Nouns
郵票,Nouns
郵輪,Nouns
郵遞區號,Nouns
都,Temporal Words
都市,Nouns
都是我不好,Nouns
都會區,Emphasis Words
都沒有,Nouns
鄉村,Nouns
鄙視,Verbs
鄭,Pronouns
鄰居,Nouns
酌量,Quantifiers
配備,Nouns
配合,Coordinating Conjunctions
配角,Nouns
酒,Nouns
酒窩,Verbs
酒醉,Verbs
酗酒,Adverbs
酣睡,Nouns
酬勞,Nouns
酬謝,Adjectives
酵母,Adjectives
酵素,Adjectives
酷刑,Nouns
酸,Nouns
酸疼,Adjectives
酸酸的,Nouns
醋海生波,Nouns
醋罈子,Nouns
醒,Verbs
醒悟,Verbs
醜,Adjectives
醜,Adjectives
醜陋,Adjectives
醞釀,Verbs
醫,Nouns
醫治,Nouns
醫生,Nouns
醫療保險,Nouns
醫藥箱,Nouns
醫院,Nouns
醬油,Nouns
釀禍,Verb
釋懷,Verb
釋迦,Nouns
里,Nouns
里鄰,Adjectives
重,Adjectives
重傷,Verb
重整旗鼓,Nouns
重申,Nouns
重疊,Adverbs
重要,Emphasis Words
重見天日,Emphasis Words
重重的,Adverbs
重量,Nouns
野外,Nouns
野心,Nouns
野柳,Nouns
野花,Nouns
野蠻,Adjectives
量血壓,Verbs
量販店,Nouns
量體溫,Verbs
釐定,Verbs
釐清,Verbs
金,Nouns
金剛,Nouns
金字塔,Nouns
金屬,Nouns
金榜題名,Nouns
金碧輝煌,Nouns
金融,Nouns
金針,Nouns
金錢,Nouns
釘牢,Verbs
釜山,Nouns
釜底抽薪,Idioms
針對,Verbs
針灸,Nouns
針眼,Nouns
針線,Nouns
釣魚,Verbs
鈍角,Adjectives
鈔票,Nouns
鈕扣,Nouns
鈣化,Nouns
鈴,Nouns
鈴鐺,Temporal Words
鉅大,Nouns
鉋子,Nouns
鉗制,Adjectives
鉛球,Nouns
鉛筆,Verbs
鉤子,Nouns
鉤心鬥角,Nouns
銀,Idioms
銀元,Nouns
銀幕,Nouns
銀河,Nouns
銀行,Nouns
銅像,Nouns
銅器,Nouns
銅臭,Nouns
銅鑼,Nouns
銓敘,Nouns
銘謝惠顧,Nouns
銜接,Nouns
銳減,Adjectives
銷毀,Verbs
銷聲匿跡,Verbs
銷路,Nouns
銷魂,Nouns
銼刀,Nouns
鋁窗,Nouns
鋁門,Nouns
鋌而走險,Adjectives
鋒利,Nouns
鋒面,Verbs
鋤奸,Nouns
鋤頭,Nouns
鋸子,Nouns
鋼琴,Nouns
鋼琴課,Nouns
鋼盔,Nouns
鋼筆,Nouns
鋼筋,Nouns
錄取,Verbs
錄影,Verbs
錄影帶,Nouns
錄影機,Nouns
錄音,Verbs
錄音帶,Nouns
錄音機,Nouns
錐子,Nouns
錐心之痛,Nouns
錢,Nouns
錢財,Nouns
錦囊妙計,Nouns
錦標,Mood Particles
錯誤,Mood Particles
鍊子,Nouns
鍋巴,Nouns
鍋爐,Nouns
鍋貼,Nouns
鍍金,Adjectives
鍘刀,Nouns
鍛鍊,Verbs
鍵盤,Nouns
鍾情,Verbs
鎂光燈,Nouns
鎌刀,Nouns
鎖,Nouns
鎖門,Verbs
鎮守,Nouns
鎮痛劑,Adjectives
鎮靜,Nouns
鏈條,Nouns
鏈球,Verbs
鏈黴素,Nouns
鏟除,Nouns
鏡子,Emphases
鐘點費,Quantifiers
鐵,Nouns
鐵石心腸,Adjectives
鐵腕,Nouns
鐵軌,Nouns
鐵餅,Nouns
鑄造,Verbs
鑑定,Verbs
鑑賞,Verbs
鑰匙,Nouns
鑲嵌,Verbs
鑲牙,Nouns
鑼鼓喧天,Verbs
鑽探,Nouns
鑽木取火,Verbs
鑽石,Nouns
鑿井,Verbs
鑿洞,Nouns
長,Adjectives
長大,Nouns
長度,Adjectives
長方形,Nouns
長江,Adjectives
長舌,Nouns
長針,Nouns
長頸鹿,Nouns
門,Nouns
門外漢,Nouns
門牌,Nouns
門當戶對,Nouns
門齒,Nouns
閃光信號車,Nouns
閃爍,Adjectives
閃避,Verbs
閃電,Nouns
閉嘴,Adjectives
閉幕,Verbs
閉氣,Verbs
閉路電視,Nouns
開倒車I,Verbs
開倒車II,Verbs
開光,Verbs
開刀,Verbs
開創,Verbs
開動,Nouns
開會,Verbs
開朗,Adjectives
開水,Verbs
開水龍頭,Verbs
開源節流,Idioms
開燈,Verbs
開端,Nouns
開罐,Verbs
開花,Verbs
開誠布公,Idioms
開車,Verbs
開鎖,Verbs
開門,Verbs
開門見山,Idioms
開關I,Nouns
開關II,Nouns
開除,Idioms
閑聊,Nouns
閒賦在家,Nouns
閤第光臨,Nouns
閨房,Nouns
閨秀,Nouns
閩南話,Nouns
閩南語,Nouns
閱讀,Verbs
閹割,Nouns
閻王,Nouns
闈場,Nouns
闊別,Adverbs
闊氣,Adjectives
闌尾炎,Nouns
闔眼,Nouns
闕漏,Nouns
闖入,Nouns
闖天下,Nouns
闖空門,Verbs
闖紅燈,Verbs
闖關,Verbs
關係,Nouns
關心,Relations
關懷,Relations
關水龍頭,Relations
關燈,Relations
關說,Verbs
關門,Verbs
關閉,Verbs
闡明,Verbs
闡述,Verbs
闢謠,Verbs
防止,Verbs
防毒,Verbs
防禦,Verbs
防範,Verbs
防腐劑,Nouns
阻塞,Verbs
阻擋,Verbs
阻止,Verbs
阻礙,Verbs
阿們,Nouns
阿公,Nouns
阿姨,Nouns
阿嬤,Nouns
阿彌陀佛,Nouns
阿拉,Nouns
附件,Quantifiers
附屬,Scope Words
附帶,Scope Words
附設,Scope Words
附議,Question Pronouns
附近,Adjectives
陋規,Adjectives
陌生,Nouns
降低,Adjectives
降價,Adjectives
降旗,Temporal Words
降溫,Temporal Words
降級,Temporal Words
降落,Temporal Words
降落傘,Nouns
限制,Nouns
限定,Nouns
限期,Nouns
陡坡,Nouns
陡峭,Adjectives
院,Nouns
陣雨,Temporal Words
除,Verbs
除夕,Temporal Words
除數,Nouns
除暴安良,Verbs
除權,Temporal Words
除法,Nouns
除非,Conditional Words
陪伴,Nouns
陪同,Nouns
陪產假,Nouns
陪罪,Adjectives
陰天,Temporal Words
陰性,Adjectives
陰森,Temporal Words
陰溝,Adjectives
陰溝裡翻船,Temporal Words
陰盛陽衰,Nouns
陰謀,Nouns
陵寢,Nouns
陶冶,Nouns
陶器,Nouns
陶土,Nouns
陶瓷,Nouns
陶藝,Nouns
陶醉,Adjectives
陷害,Verbs
陷落I,Verbs
陷落II,Verbs
陷阱,Nouns
陸地,Nouns
陸軍,Nouns
陽光,Temporal Words
陽奉陰違,Mood Particles
陽性,Adjectives
隄防,Nouns
隆起,Nouns
隆重,Adjectives
隊伍,Nouns
階下囚,Nouns
階梯,Nouns
階級,Nouns
隔別,Nouns
隔岸觀火,Temporal Words
隔牆有耳,Causal Conjunctions
隔離,Nouns
隔靴搔癢,Adverbs
隕石,Nouns
障礙,Nouns
隧道,Nouns
隨便,Emphasis Words
隨俗,Mood Particles
隨和,Emphasis Words
隨心所欲,Emphasis Words
隨意,Emphasis Words
隨時,Temporal Words
隨機應變,Emphasis Words
隨波逐流,Emphasis Words
隨緣,Nouns
隨處,Emphasis Words
隨身聽,Nouns
隨遇而安,Nouns
險勝,Adjectives
險惡,Nouns
險要,Nouns
隱姓埋名,Nouns
隱情,Nouns
隱惡揚善,Nouns
隱私,Nouns
隱秘,Nouns
隱藏,Verbs
雄偉,Adjectives
雄厚,Adjectives
雄壯,Adjectives
雄心萬丈,Nouns
雄蕊,Nouns
雅俗共賞,Adjectives
雅興,Adjectives
雅量,Adjectives
集中,Adverbs
集合,Nouns
集思廣益,Nouns
集會,Nouns
集權,Nouns
集訓,Nouns
雇傭,Nouns
雇員,Nouns
雌蕊,Nouns
雖然,Causal Conjunctions
雙宿雙飛,Nouns
雙層巴士,Nouns
雙手萬能,Nouns
雙方,Nouns
雙氧水,Nouns
雙管齊下,Nouns
雙胞胎,Nouns
雙親,Nouns
雙重,Adjectives
雜七雜八,Adjectives
雜亂無章,Nouns
雜物,Nouns
雜糧,Nouns
雜草,Nouns
雜誌,Nouns
雜貨,Adjectives
雜音,Nouns
雞,Verbs
雞犬不寧,Nouns
雞瘟,Nouns
雞肉飯,Nouns
雞腿,Nouns
雞蛋,Nouns
離別,Nouns
離婚,Nouns
離棄,Nouns
離群索居,Nouns
離鄉背井,Nouns
離開,Verbs
難,Adjectives
難以置信,Adjectives
難保,Adjectives
難免,Adjectives
難分難解,Adjectives
難受,Adjectives
難吃,Adjectives
難堪,Adjectives
難怪,Adjectives
難民,Adjectives
難為情,Adjectives
難看,Adjectives
難耐,Adjectives
難聽,Adjectives
難說,QuestionAdverbs
雨,Nouns
雨傘,Nouns
雨具,Nouns
雨天,Nouns
雨季,Nouns
雨後春筍,Nouns
雨棚,Nouns
雨衣,Nouns
雨過天晴,Temporal Words
雨鞋,Nouns
雪,Nouns
雪上加霜,Nouns
雪中送炭,Nouns
雪人,Nouns
雪恥,Nouns
雪橇,Nouns
雪花,Nouns
雲,Temporal Words
雲層,Nouns
零存整付,Quantifiers
零工,Pronouns
零用錢,Nouns
零錢,Nouns
零零碎碎,Adverbs
零食,Nouns
雷射,Nouns
雷達,Nouns
雷雨,Nouns
雷電,Nouns
雷霆萬鈞,Adjectives
電,Nouns
電信,Nouns
電信局,Nouns
電力,Nouns
電動玩具,Nouns
電器,Nouns
電報,Nouns
電壓,Nouns
電子琴,Nouns
電子耳,Nouns
電子通行收費系統,Nouns
電扇,Nouns
電扶梯,Nouns
電梯,Nouns
電機工程學系,Nouns
電機系,Nouns
電池,Nouns
電源,Nouns
電源開關,Nouns
電燈,Nouns
電燈泡,Nouns
電線,Nouns
電線杆,Nouns
電腦,Nouns
電臺,Nouns
電視,Nouns
電視公司,Nouns
電視劇,Nouns
電視遊樂器,Nouns
電話,Nouns
電車,Nouns
電鈴,Nouns
電鍋,Nouns
電風扇,Nouns
需求,Nouns
需要,Nouns
震動,Verbs
震怒,Adjectives
震盪,Nouns
震耳欲聾,Adjectives
震驚,Nouns
霉菌,Nouns
霉運,Nouns
霉雨,Nouns
霍亂,Nouns
霜害,Nouns
霧,Nouns
霧裡看花,Expressions
露天,Nouns
露宿,Nouns
露水,Nouns
露營,Nouns
露白,Nouns
露臉,Nouns
霸占,Nouns
霸業,Nouns
霸權,Nouns
霸王,Nouns
霸道,Nouns
靈性,Nouns
靈感,Nouns
靈敏,Adjectives
靈活,Adjectives
靈芝,Nouns
靈車,Nouns
靈驗,Adjectives
靈魂,Nouns
青,Adjectives
青出於藍,Expressions
青山,Nouns
青年,Nouns
青春,Adjectives
青春痘,Expressions
青梅竹馬,Nouns
青苔,Nouns
青草,Nouns
青菜,Nouns
青蛙,Expressions
青雲直上,Expressions
青黃不接,Adverbs
靜坐,Adjectives
靜悄悄,Adjectives
靜態,Expressions
靜極思動,Adjectives
靜止,Expressions
靜電,Nouns
靜養,Nouns
非,Pronouns
非分之想,Nouns
非常,Adverbs
非法,Adjectives
非親非故,Nouns
非賣品,Nouns
靠,Nouns
靠不住,Nouns
靠山,Nouns
靠岸,Nouns
靠攏,Adverbs
靠椅子,Nouns
靠近,Nouns
靠邊,Adjectives
面不改色,Nouns
面具,Nouns
面前,Nouns
面孔,Nouns
面談,Nouns
面面俱到,Nouns
面黃肌瘦,Adjectives
革命,Nouns
鞋匠,Nouns
鞋子,Nouns
鞋帶,Nouns
鞋店,Nouns
鞋拔子,Nouns
鞋櫃,Nouns
鞠躬,Verbs
鞠躬盡瘁,Adjectives
鞦韆,Nouns
鞭子,Verbs
鞭打,Nouns
鞭炮,Adjectives
韌帶,Nouns
韌性,Nouns
韓國,Nouns
韭菜,Nouns
韭黃,Nouns
音樂,Nouns
音符,Nouns
音訊,Nouns
音量,Nouns
音響,Nouns
響亮,Adjectives
響徹雲霄,Adjectives
響應,Verbs
頂,Pronouns
頂嘴,Pronouns
頂天立地,Nouns
頂尖,Nouns
頂撞,Verbs
頂替,Nouns
頂端,Nouns
頂罪,Verbs
項目,Nouns
項練,Nouns
項鍊,Nouns
順,Adverbs
順便,Adverbs
順其自然,Adverbs
順利,Adverbs
順序,Adverbs
順延,Adverbs
順從,Adverbs
順水推舟,Causal Conjunctions
順理成章,Causal Conjunctions
順眼,Adjectives
順風,Adjectives
須知,Verbs
預,Quantifiers
預備,Quantifiers
預兆,Quantifiers
預先,Verbs
預告,Verbs
預定,Verbs
預感,Verbs
預料,Verbs
預測,Verbs
預演,Verbs
預祝,Verbs
預算,Verbs
預約,Adjectives
預習,Adjectives
預賽,Adjectives
預防,Nouns
頒布,Verbs
頒獎,Verbs
頒發,Verbs
領先,Adverbs
領土,Nouns
領導,Nouns
領帶,Nouns
領悟,Nouns
領情,Nouns
領款,Nouns
領獎,Nouns
領袖,Nouns
領隊,Nouns
領養,Nouns
頭,Temporal Words
頭尾,Temporal Words
頭昏腦脹,Adjectives
頭暈,Adjectives
頭暈眼花,Adjectives
頭痛,Adjectives
頭腦,Nouns
頭蝨,Nouns
頹喪,Adjectives
頹廢,Adjectives
頻尿,Adjectives
頻率,Quantifiers
頻繁,Frequency Words
題名,Nouns
題外話,Question Adverbs
題目,Nouns
顏料,Nouns
顏色,Adjectives
願意,Adjectives
願望,Mood Particles
願聞其詳,Adverbs
顛三倒四,Adjectives
顛倒,Adverbs
顛倒是非,Temporal Words
顛沛流離,Verbs
顛覆,Nouns
類似,Nouns
類別,Nouns
類同,Idioms
顧全大局,Idioms
顧名思義,Nouns
顧問,Nouns
顧影自憐,Adverbs
顧忌,Pronouns
顧此失彼,Adverbs
顫抖,Nouns
顯出,Verbs
顯微鏡,Nouns
顯眼,Adjectives
顯而易見,Adjectives
顯見,Verbs
顯靈,Verbs
風,Nouns
風俗,Nouns
風光,Nouns
風光明媚,Nouns
風向,Nouns
風吹草動,Nouns
風和日麗,Nouns
風平浪靜,Nouns
風度,Nouns
風景,Nouns
風箏,Nouns
風調雨順,Nouns
風趣,Adjectives
風鈴,Nouns
風險,Nouns
風雨無阻,Temporal Words
風雲人物,Nouns
風雲際會,Nouns
颱風,Nouns
颱風假,Temporal Words
颱風天,Verbs
飄動,Verbs
飄落,Verbs
飄蕩,Adjectives
飄飄然,Verbs
飆車,Verbs
飛,Nouns
飛來橫禍,Nouns
飛奔,Adjectives
飛彈,Adverbs
飛揚,Nouns
飛機,Nouns
飛機票,Adverbs
飛簷走壁,Verbs
飛翔,Verbs
飛蛾撲火,Verbs
飛越,Verbs
飛黃騰達,Verbs
食古不化,Pronouns
食品,Nouns
食慾不振,Adjectives
食指,Nouns
食物,Nouns
食物中毒,Nouns
食言而肥,Adverbs
食道,Adjectives
食量,Adjectives
飢不擇食,Adjectives
飢寒交迫,Adjectives
飢渴,Adjectives
飢腸轆轆,Nouns
飢餓,Nouns
飯,Nouns
飯店,Nouns
飯盒,Nouns
飯糰,Nouns
飲水,Verbs
飲水思源,Nouns
飲食,Nouns
飼料,Nouns
飼養,Verbs
飽,Adjectives
飽受,Adjectives
飽暖,Adjectives
飽滿,Adjectives
飽飽的,Nouns
飾品,Nouns
飾物,Nouns
餃子,Nouns
餅乾,Verbs
養,Nouns
養分,Verbs
養子,Nouns
養成,Verbs
養樂多,Nouns
養父,Verbs
養病,Nouns
養老,Verbs
養育,Nouns
餐具,Nouns
餐巾,Nouns
餐廳,Nouns
餐袋,Nouns
餐車,Nouns
餓,Adjectives
餘力,Nouns
餘數,Nouns
餘款,Nouns
餘生,Nouns
餘震,Nouns
餛飩,Nouns
餞行,Nouns
館,Nouns
餵,Nouns
餵食,Nouns
餵養,Nouns
餿主意,Nouns
餿水,Nouns
饅頭,Nouns
饒人,Nouns
饒命,Verbs
饒恕,Nouns
饗宴,Verbs
饞嘴,Verbs
首先,Nouns
首創,Adjectives
首屆,Quantifiers
首次,Quantifiers
首肯,Verbs
首都,Nouns
首長,Nouns
首領,Nouns
首飾,Nouns
香,Adjectives
香包,Nouns
香味,Adjectives
香噴噴,Nouns
香料,Nouns
香港,Nouns
香煙,Nouns
香皂,Nouns
香腸,Nouns
香菇,Nouns
香蕉,Temporal Words
香香的,Nouns
馬,Causal Conjunctions
馬上,Nouns
馬來西亞,Emphasis Words
馬路,Nouns
馬車,Nouns
馬達,Nouns
馬鈴薯,Nouns
馬錶,Nouns
馬馬虎虎,Emphasis Words
馴服,Nouns
駐守,Nouns
駐軍,Nouns
駕車,Verbs
駕輕就熟,Adverbs
駕駛,Verbs
駙馬,Nouns
駝背,Nouns
駱駝,Nouns
駿馬,Nouns
騎樓,Nouns
騎機車,Nouns
騎腳踏車,Verbs
騎虎難下,Nouns
騎馬,Nouns
騙,Mood Particles
騙我,Verbs
騙術,Nouns
騰空,Adverbs
騷亂,Nouns
騷動,Nouns
騷擾,Nouns
驅寒,Verbs
驅散,Verbs
驅逐,Verbs
驕傲,Adjectives
驕兵必敗,Idioms
驗收,Verbs
驗算,Verbs
驗証,Verbs
驚人,Adjectives
驚叫,Verbs
驚喜,Idioms
驚天動地,Idioms
驚奇,Verbs
驚弓之鳥,Idioms
驚心動魄,Idioms
驚慌,Verbs
驚慌失措,Emotion Particles
驚醒,Adverbs
骨折,Nouns
骨氣,Nouns
骨瘦如柴,Adjectives
骨肉,Nouns
骨頭,Nouns
骨髓,Nouns
骯髒,Adjectives
髒,Pronouns
髒亂,Adjectives
髒話,Adjectives
體力,Nouns
體溫,Nouns
體無完膚,Nouns
體積,Nouns
體罰,Nouns
體育,Nouns
體能,Nouns
體能教室,Adjectives
體諒,Nouns
體貼入微,Adjectives
高三,Nouns
高中,Nouns
高中一年級,Nouns
高中三年級,Nouns
高中二年級,Nouns
高中畢業,Nouns
高二,Nouns
高升,Nouns
高壓電,Nouns
高尚,Adjectives
高捷,Nouns
高昂,Adjectives
高明,Adjectives
高朋滿座,Nouns
高枕無憂,Idioms
高架橋,Adjectives
高樓,Nouns
高爾夫球場,Nouns
高矮,Nouns
高等職業學校,Adjectives
高級,Nouns
高職,Adjectives
高興,Nouns
高血壓,Adjectives
高貴,Adjectives
高跟鞋,Nouns
高速,Adjectives
高速公路,Nouns
高鐵,Nouns
高鐵票,Nouns
高鐵站,Nouns
高雄,Nouns
高雄捷運,Nouns
高雅,Adjectives
髮,Nouns
髮型,Nouns
髮夾,Nouns
髮妻,Nouns
髮式,Nouns
髮油,Adjectives
鬆,Adverbs
鬆了一口氣,Adjectives
鬆動,Adjectives
鬆懈,Adjectives
鬆散,Adjectives
鬆軟,Nouns
鬍子,Nouns
鬥氣,Emotion Particles
鬥爭,Verbs
鬥牛,Nouns
鬧劇,Nouns
鬧市,Nouns
鬧情緒,Adverbs
鬧笑話,Nouns
鬧鐘,Nouns
鬼,Adverbs
鬼主意,Nouns
鬼叫,Nouns
鬼怪,Nouns
鬼混,Nouns
鬼節,Nouns
鬼話,Nouns
鬼鬼祟祟,Nouns
魄力,Nouns
魅力,Nouns
魔掌,Nouns
魔爪,Nouns
魔王,Nouns
魔術,Nouns
魔鬼,Nouns
魚,Nouns
魚丸,Nouns
魚尾紋,Nouns
魚池,Nouns
魚目混珠,Idioms
魚網,Nouns
魚貫而入,Idioms
魚餌,Nouns
魯國,ProperNouns
鮪魚,Nouns
鮮明,Nouns
鮮果,Nouns
鮮花,Nouns
鮮血,Nouns
鯊魚,Nouns
鯨魚,Nouns
鰥夫,Nouns
鱷魚,Nouns
鳥,Nouns
鳥巢,Idioms
鳥瞰,Nouns
鳥窩,Nouns
鳥語花香,Idioms
鳳凰,Nouns
鳳梨,Nouns
鳳梨酥,Nouns
鴉雀無聲,Idioms
鴛鴦,Nouns
鴨子,Nouns
鴻圖大展,Nouns
鴻運當頭,Nouns
鴿子,Nouns
鵝,Nouns
鵝卵石,Nouns
鵝毛,Nouns
鵝鑾鼻,Nouns
鶴,Nouns
鶴立雞群,Nouns
鷹,Nouns
鸚鵡,Nouns
鹹,Nouns
鹹水,Nouns
鹹鹹的,Nouns
鹼性,Nouns
鹽,Nouns
鹽巴,Nouns
鹽酸,Nouns
鹿,Nouns
麋鹿,Nouns
麥,Nouns
麥克風,Nouns
麥片,Nouns
麥當勞,Nouns
麥粉,Nouns
麥芽糖,Nouns
麵,Nouns
麵包,Nouns
麵條,Nouns
麵粉,Nouns
麻木,Nouns
麻煩,Nouns
麻疹,Nouns
麻糬,Nouns
麻紗,Nouns
麻醉,Nouns
麻雀,Nouns
黃,Nouns
黃帝,Nouns
黃昏,Nouns
黃瓜,Nouns
黃色,Nouns
黃豆,Temporal Words
黃金,Nouns
黎明,Nouns
黏,Nouns
黏土,Nouns
黏性,Nouns
黏著,Adjectives
黏貼,Verbs
黏黏的,Adjectives
黑,Nouns
黑名單,Nouns
黑夜,Nouns
黑市,Nouns
黑暗,Nouns
黑板,Nouns
黑社會,Nouns
黑色,Adjectives
默契,Verbs
默寫,Mood Particles
默許,Verbs
默認,Nouns
點名,Nouns
點字,Verbs
點心,Nouns
點滴,Nouns
點火,Adjectives
黨員,Nouns
黨派,Adjectives
黯然,Nouns
黴菌,Emphasis Words
鼎盛,Nouns
鼓,Nouns
鼓動,Verbs
鼓勵,Verbs
鼓掌,Verbs
鼓舞,Verbs
鼠疫,Nouns
鼠竄,Nouns
鼻子,Nouns
鼻祖,Nouns
鼻青臉腫,Adjectives
鼾聲,Nouns
齊全,Nouns
齊頭並進,Nouns
齋戒,Nouns
齲齒,Nouns
齷齪,Nouns
龍,Nouns
龍吟虎嘯,Nouns
龍捲風,Nouns
龍爭虎鬥,Nouns
龍眼,Nouns
龍船,Nouns
龍馬精神,Nouns
龍鳳胎,Nouns
龐大,Adjectives
龜,Nouns
龜甲,Nouns
龜裂,Nouns
ＱＱ的,Mood Particles
